[{"model": "contenttypes.contenttype", "pk": 1, "fields": {"app_label": "admin", "model": "logentry"}}, {"model": "contenttypes.contenttype", "pk": 2, "fields": {"app_label": "auth", "model": "permission"}}, {"model": "contenttypes.contenttype", "pk": 3, "fields": {"app_label": "auth", "model": "group"}}, {"model": "contenttypes.contenttype", "pk": 4, "fields": {"app_label": "auth", "model": "user"}}, {"model": "contenttypes.contenttype", "pk": 5, "fields": {"app_label": "contenttypes", "model": "contenttype"}}, {"model": "contenttypes.contenttype", "pk": 6, "fields": {"app_label": "sessions", "model": "session"}}, {"model": "contenttypes.contenttype", "pk": 7, "fields": {"app_label": "readings", "model": "storyprototype"}}, {"model": "contenttypes.contenttype", "pk": 8, "fields": {"app_label": "readings", "model": "student"}}, {"model": "contenttypes.contenttype", "pk": 9, "fields": {"app_label": "readings", "model": "studentresponseprototype"}}, {"model": "contenttypes.contenttype", "pk": 10, "fields": {"app_label": "readings", "model": "questionprototype"}}, {"model": "contenttypes.contenttype", "pk": 11, "fields": {"app_label": "readings", "model": "contextprototype"}}, {"model": "contenttypes.contenttype", "pk": 12, "fields": {"app_label": "readings", "model": "document"}}, {"model": "contenttypes.contenttype", "pk": 13, "fields": {"app_label": "readings", "model": "studentreadingdata"}}, {"model": "contenttypes.contenttype", "pk": 14, "fields": {"app_label": "readings", "model": "studentsegmentdata"}}, {"model": "contenttypes.contenttype", "pk": 15, "fields": {"app_label": "readings", "model": "segment"}}, {"model": "sessions.session", "pk": "bata505147k3zdcg4u53ddhxx6ea4qbp", "fields": {"session_data": "NDEzZjdlNTU3MjJlMWMzZWEzNjBlY2ZkMWE4MjNmODBjMWE4YjI1YTp7Il9hdXRoX3VzZXJfaWQiOiIxIiwiX2F1dGhfdXNlcl9iYWNrZW5kIjoiZGphbmdvLmNvbnRyaWIuYXV0aC5iYWNrZW5kcy5Nb2RlbEJhY2tlbmQiLCJfYXV0aF91c2VyX2hhc2giOiI3YzgyZDY0ZGFkMDdiODI5NmExYzcxYzFkNGJkNDI3YTBmZGYxY2RkIn0=", "expire_date": "2019-09-17T19:50:30.857Z"}}, {"model": "sessions.session", "pk": "lk6hzzmcm9sdikuaq5r9xxxpgx6j2ray", "fields": {"session_data": "MzU2OTA3ZGIyNDY1MzE0ZjQxZjZmZTNlNzAxOTBjZGY4MTIwMzYyMTp7Il9hdXRoX3VzZXJfaWQiOiIxIiwiX2F1dGhfdXNlcl9iYWNrZW5kIjoiZGphbmdvLmNvbnRyaWIuYXV0aC5iYWNrZW5kcy5Nb2RlbEJhY2tlbmQiLCJfYXV0aF91c2VyX2hhc2giOiIyMTVhZGY5OTJlMDVjNTBkNzg5N2JjNzU2ZjcyYTJiZTU3NDYyYTUzIn0=", "expire_date": "2019-10-18T14:58:59.900Z"}}, {"model": "sessions.session", "pk": "thitcj2q68ke41rh3384fsg8epf1ohh9", "fields": {"session_data": "NDEzZjdlNTU3MjJlMWMzZWEzNjBlY2ZkMWE4MjNmODBjMWE4YjI1YTp7Il9hdXRoX3VzZXJfaWQiOiIxIiwiX2F1dGhfdXNlcl9iYWNrZW5kIjoiZGphbmdvLmNvbnRyaWIuYXV0aC5iYWNrZW5kcy5Nb2RlbEJhY2tlbmQiLCJfYXV0aF91c2VyX2hhc2giOiI3YzgyZDY0ZGFkMDdiODI5NmExYzcxYzFkNGJkNDI3YTBmZGYxY2RkIn0=", "expire_date": "2019-08-09T19:15:17.891Z"}}, {"model": "readings.student", "pk": 15, "fields": {"name": ""}}, {"model": "readings.student", "pk": 16, "fields": {"name": ""}}, {"model": "readings.student", "pk": 17, "fields": {"name": ""}}, {"model": "readings.student", "pk": 18, "fields": {"name": ""}}, {"model": "readings.student", "pk": 19, "fields": {"name": ""}}, {"model": "readings.student", "pk": 20, "fields": {"name": ""}}, {"model": "readings.student", "pk": 21, "fields": {"name": ""}}, {"model": "readings.student", "pk": 22, "fields": {"name": ""}}, {"model": "readings.student", "pk": 23, "fields": {"name": ""}}, {"model": "readings.student", "pk": 24, "fields": {"name": ""}}, {"model": "readings.student", "pk": 25, "fields": {"name": ""}}, {"model": "readings.student", "pk": 26, "fields": {"name": ""}}, {"model": "readings.student", "pk": 27, "fields": {"name": ""}}, {"model": "readings.student", "pk": 28, "fields": {"name": ""}}, {"model": "readings.student", "pk": 29, "fields": {"name": ""}}, {"model": "readings.student", "pk": 30, "fields": {"name": ""}}, {"model": "readings.student", "pk": 31, "fields": {"name": ""}}, {"model": "readings.student", "pk": 32, "fields": {"name": ""}}, {"model": "readings.student", "pk": 33, "fields": {"name": ""}}, {"model": "readings.student", "pk": 34, "fields": {"name": ""}}, {"model": "readings.student", "pk": 35, "fields": {"name": ""}}, {"model": "readings.student", "pk": 36, "fields": {"name": ""}}, {"model": "readings.student", "pk": 37, "fields": {"name": ""}}, {"model": "readings.student", "pk": 38, "fields": {"name": ""}}, {"model": "readings.student", "pk": 39, "fields": {"name": ""}}, {"model": "readings.student", "pk": 40, "fields": {"name": ""}}, {"model": "readings.student", "pk": 41, "fields": {"name": ""}}, {"model": "readings.student", "pk": 42, "fields": {"name": ""}}, {"model": "readings.student", "pk": 43, "fields": {"name": ""}}, {"model": "readings.student", "pk": 44, "fields": {"name": ""}}, {"model": "readings.storyprototype", "pk": 1, "fields": {"story_text": "For sale: baby shoes; never worn."}}, {"model": "readings.contextprototype", "pk": 1, "fields": {"text": "This is an ad.", "story": 1}}, {"model": "readings.contextprototype", "pk": 2, "fields": {"text": "This is actually a short story.", "story": 1}}, {"model": "readings.questionprototype", "pk": 1, "fields": {"text": "In one word, how does this text make you feel?", "word_limit": 1, "story": 1}}, {"model": "readings.questionprototype", "pk": 2, "fields": {"text": "In three words or fewer, what is this text about?", "word_limit": 3, "story": 1}}, {"model": "readings.questionprototype", "pk": 3, "fields": {"text": "Have you encountered this text before?", "word_limit": 1, "story": 1}}, {"model": "readings.studentresponseprototype", "pk": 59, "fields": {"question": 1, "context": 1, "response": "Sad", "views": "[2.319]", "scroll_ups": 0, "student": 15}}, {"model": "readings.studentresponseprototype", "pk": 60, "fields": {"question": 2, "context": 1, "response": "Miscarriage", "views": "[2.945]", "scroll_ups": 0, "student": 15}}, {"model": "readings.studentresponseprototype", "pk": 61, "fields": {"question": 3, "context": 1, "response": "No", "views": "[]", "scroll_ups": 0, "student": 15}}, {"model": "readings.studentresponseprototype", "pk": 62, "fields": {"question": 1, "context": 2, "response": "Sad", "views": "[1.121]", "scroll_ups": 0, "student": 15}}, {"model": "readings.studentresponseprototype", "pk": 63, "fields": {"question": 2, "context": 2, "response": "Miscarriage", "views": "[]", "scroll_ups": 0, "student": 15}}, {"model": "readings.studentresponseprototype", "pk": 64, "fields": {"question": 3, "context": 2, "response": "Yes", "views": "[]", "scroll_ups": 0, "student": 15}}, {"model": "readings.studentresponseprototype", "pk": 65, "fields": {"question": 1, "context": 1, "response": "Targeted", "views": "[3.194,3.101]", "scroll_ups": 0, "student": 16}}, {"model": "readings.studentresponseprototype", "pk": 66, "fields": {"question": 2, "context": 1, "response": "New baby shoes", "views": "[]", "scroll_ups": 0, "student": 16}}, {"model": "readings.studentresponseprototype", "pk": 67, "fields": {"question": 3, "context": 1, "response": "Yes", "views": "[]", "scroll_ups": 0, "student": 16}}, {"model": "readings.studentresponseprototype", "pk": 68, "fields": {"question": 1, "context": 2, "response": "Enticed", "views": "[1.073]", "scroll_ups": 0, "student": 16}}, {"model": "readings.studentresponseprototype", "pk": 69, "fields": {"question": 2, "context": 2, "response": "Baby shoes", "views": "[]", "scroll_ups": 0, "student": 16}}, {"model": "readings.studentresponseprototype", "pk": 70, "fields": {"question": 3, "context": 2, "response": "Yes", "views": "[]", "scroll_ups": 0, "student": 16}}, {"model": "readings.studentresponseprototype", "pk": 71, "fields": {"question": 1, "context": 1, "response": "Confused", "views": "[2.8,1.174,1.021,0.414,1.817]", "scroll_ups": 0, "student": 17}}, {"model": "readings.studentresponseprototype", "pk": 72, "fields": {"question": 2, "context": 1, "response": "Baby shoes", "views": "[3.807]", "scroll_ups": 0, "student": 17}}, {"model": "readings.studentresponseprototype", "pk": 73, "fields": {"question": 3, "context": 1, "response": "No", "views": "[]", "scroll_ups": 0, "student": 17}}, {"model": "readings.studentresponseprototype", "pk": 74, "fields": {"question": 1, "context": 2, "response": "Ok", "views": "[1.149]", "scroll_ups": 0, "student": 17}}, {"model": "readings.studentresponseprototype", "pk": 75, "fields": {"question": 2, "context": 2, "response": "S", "views": "[]", "scroll_ups": 0, "student": 17}}, {"model": "readings.studentresponseprototype", "pk": 76, "fields": {"question": 3, "context": 2, "response": "Yes", "views": "[]", "scroll_ups": 0, "student": 17}}, {"model": "readings.studentresponseprototype", "pk": 77, "fields": {"question": 1, "context": 1, "response": "Bored", "views": "[2.426]", "scroll_ups": 0, "student": 18}}, {"model": "readings.studentresponseprototype", "pk": 78, "fields": {"question": 2, "context": 1, "response": "Something for sale", "views": "[]", "scroll_ups": 0, "student": 18}}, {"model": "readings.studentresponseprototype", "pk": 79, "fields": {"question": 3, "context": 1, "response": "No", "views": "[]", "scroll_ups": 0, "student": 18}}, {"model": "readings.studentresponseprototype", "pk": 80, "fields": {"question": 1, "context": 2, "response": "Sad", "views": "[3.532]", "scroll_ups": 0, "student": 18}}, {"model": "readings.studentresponseprototype", "pk": 81, "fields": {"question": 2, "context": 2, "response": "Miscarriage", "views": "[]", "scroll_ups": 0, "student": 18}}, {"model": "readings.studentresponseprototype", "pk": 82, "fields": {"question": 3, "context": 2, "response": "Yes", "views": "[]", "scroll_ups": 0, "student": 18}}, {"model": "readings.studentresponseprototype", "pk": 83, "fields": {"question": 1, "context": 1, "response": "Informed", "views": "[2.514,4.221]", "scroll_ups": 0, "student": 19}}, {"model": "readings.studentresponseprototype", "pk": 84, "fields": {"question": 2, "context": 1, "response": "Selling baby shoes", "views": "[]", "scroll_ups": 0, "student": 19}}, {"model": "readings.studentresponseprototype", "pk": 85, "fields": {"question": 3, "context": 1, "response": "No", "views": "[]", "scroll_ups": 0, "student": 19}}, {"model": "readings.studentresponseprototype", "pk": 86, "fields": {"question": 1, "context": 2, "response": "Inyrigu", "views": "[2.375]", "scroll_ups": 0, "student": 19}}, {"model": "readings.studentresponseprototype", "pk": 87, "fields": {"question": 2, "context": 2, "response": "Unworn baby shoes", "views": "[0.966]", "scroll_ups": 0, "student": 19}}, {"model": "readings.studentresponseprototype", "pk": 88, "fields": {"question": 3, "context": 2, "response": "Yes", "views": "[]", "scroll_ups": 0, "student": 19}}, {"model": "readings.studentresponseprototype", "pk": 89, "fields": {"question": 1, "context": 1, "response": "Annoyed", "views": "[0.542]", "scroll_ups": 0, "student": 20}}, {"model": "readings.studentresponseprototype", "pk": 90, "fields": {"question": 2, "context": 1, "response": "Advertisement", "views": "[]", "scroll_ups": 0, "student": 20}}, {"model": "readings.studentresponseprototype", "pk": 91, "fields": {"question": 3, "context": 1, "response": "No", "views": "[]", "scroll_ups": 0, "student": 20}}, {"model": "readings.studentresponseprototype", "pk": 92, "fields": {"question": 1, "context": 2, "response": "Interested", "views": "[0.867]", "scroll_ups": 0, "student": 20}}, {"model": "readings.studentresponseprototype", "pk": 93, "fields": {"question": 2, "context": 2, "response": "A story", "views": "[]", "scroll_ups": 0, "student": 20}}, {"model": "readings.studentresponseprototype", "pk": 94, "fields": {"question": 3, "context": 2, "response": "Yes", "views": "[]", "scroll_ups": 0, "student": 20}}, {"model": "readings.studentresponseprototype", "pk": 95, "fields": {"question": 1, "context": 1, "response": "Informed", "views": "[3.297,1.528,0.616]", "scroll_ups": 0, "student": 21}}, {"model": "readings.studentresponseprototype", "pk": 96, "fields": {"question": 2, "context": 1, "response": "New baby shoes", "views": "[]", "scroll_ups": 0, "student": 21}}, {"model": "readings.studentresponseprototype", "pk": 97, "fields": {"question": 3, "context": 1, "response": "No", "views": "[]", "scroll_ups": 0, "student": 21}}, {"model": "readings.studentresponseprototype", "pk": 98, "fields": {"question": 1, "context": 2, "response": "Somber", "views": "[2.033,6.101]", "scroll_ups": 0, "student": 21}}, {"model": "readings.studentresponseprototype", "pk": 99, "fields": {"question": 2, "context": 2, "response": "Failed pregnancy", "views": "[]", "scroll_ups": 0, "student": 21}}, {"model": "readings.studentresponseprototype", "pk": 100, "fields": {"question": 3, "context": 2, "response": "No", "views": "[]", "scroll_ups": 0, "student": 21}}, {"model": "readings.studentresponseprototype", "pk": 101, "fields": {"question": 1, "context": 1, "response": "weird", "views": "[4.112,4.634]", "scroll_ups": 0, "student": 22}}, {"model": "readings.studentresponseprototype", "pk": 102, "fields": {"question": 2, "context": 1, "response": "baby shoe ad", "views": "[]", "scroll_ups": 0, "student": 22}}, {"model": "readings.studentresponseprototype", "pk": 103, "fields": {"question": 3, "context": 1, "response": "yes", "views": "[]", "scroll_ups": 0, "student": 22}}, {"model": "readings.studentresponseprototype", "pk": 104, "fields": {"question": 1, "context": 2, "response": "mysterious", "views": "[1.971,9.891]", "scroll_ups": 0, "student": 22}}, {"model": "readings.studentresponseprototype", "pk": 105, "fields": {"question": 2, "context": 2, "response": "unworn shoes", "views": "[]", "scroll_ups": 0, "student": 22}}, {"model": "readings.studentresponseprototype", "pk": 106, "fields": {"question": 3, "context": 2, "response": "yes", "views": "[]", "scroll_ups": 0, "student": 22}}, {"model": "readings.studentresponseprototype", "pk": 107, "fields": {"question": 1, "context": 1, "response": "Comfortable", "views": "[7.376,3.039,5.068]", "scroll_ups": 0, "student": 23}}, {"model": "readings.studentresponseprototype", "pk": 108, "fields": {"question": 2, "context": 1, "response": "Shoes on sale", "views": "[]", "scroll_ups": 0, "student": 23}}, {"model": "readings.studentresponseprototype", "pk": 109, "fields": {"question": 3, "context": 1, "response": "No", "views": "[]", "scroll_ups": 0, "student": 23}}, {"model": "readings.studentresponseprototype", "pk": 110, "fields": {"question": 1, "context": 2, "response": "Surprised", "views": "[2.405]", "scroll_ups": 0, "student": 23}}, {"model": "readings.studentresponseprototype", "pk": 111, "fields": {"question": 2, "context": 2, "response": "A short story", "views": "[]", "scroll_ups": 0, "student": 23}}, {"model": "readings.studentresponseprototype", "pk": 112, "fields": {"question": 3, "context": 2, "response": "No", "views": "[]", "scroll_ups": 0, "student": 23}}, {"model": "readings.studentresponseprototype", "pk": 113, "fields": {"question": 1, "context": 1, "response": "fine", "views": "[2.674]", "scroll_ups": 0, "student": 24}}, {"model": "readings.studentresponseprototype", "pk": 114, "fields": {"question": 2, "context": 1, "response": "selling baby shoes", "views": "[]", "scroll_ups": 0, "student": 24}}, {"model": "readings.studentresponseprototype", "pk": 115, "fields": {"question": 3, "context": 1, "response": "no", "views": "[]", "scroll_ups": 0, "student": 24}}, {"model": "readings.studentresponseprototype", "pk": 116, "fields": {"question": 1, "context": 2, "response": "sad", "views": "[1.898]", "scroll_ups": 0, "student": 24}}, {"model": "readings.studentresponseprototype", "pk": 117, "fields": {"question": 2, "context": 2, "response": "an unexpected death", "views": "[]", "scroll_ups": 0, "student": 24}}, {"model": "readings.studentresponseprototype", "pk": 118, "fields": {"question": 3, "context": 2, "response": "yes", "views": "[]", "scroll_ups": 0, "student": 24}}, {"model": "readings.studentresponseprototype", "pk": 119, "fields": {"question": 1, "context": 1, "response": "Melancholic", "views": "[2.54]", "scroll_ups": 0, "student": 25}}, {"model": "readings.studentresponseprototype", "pk": 120, "fields": {"question": 2, "context": 1, "response": "A lost child", "views": "[]", "scroll_ups": 0, "student": 25}}, {"model": "readings.studentresponseprototype", "pk": 121, "fields": {"question": 3, "context": 1, "response": "Yes", "views": "[]", "scroll_ups": 0, "student": 25}}, {"model": "readings.studentresponseprototype", "pk": 122, "fields": {"question": 1, "context": 2, "response": "Curious", "views": "[1.347,1.057,1.376,0.916]", "scroll_ups": 0, "student": 25}}, {"model": "readings.studentresponseprototype", "pk": 123, "fields": {"question": 2, "context": 2, "response": "A child passed.", "views": "[]", "scroll_ups": 0, "student": 25}}, {"model": "readings.studentresponseprototype", "pk": 124, "fields": {"question": 3, "context": 2, "response": "Yes", "views": "[]", "scroll_ups": 0, "student": 25}}, {"model": "readings.studentresponseprototype", "pk": 125, "fields": {"question": 1, "context": 1, "response": "Sad", "views": "[3.697]", "scroll_ups": 0, "student": 26}}, {"model": "readings.studentresponseprototype", "pk": 126, "fields": {"question": 2, "context": 1, "response": "Story", "views": "[]", "scroll_ups": 0, "student": 26}}, {"model": "readings.studentresponseprototype", "pk": 127, "fields": {"question": 3, "context": 1, "response": "Yes", "views": "[]", "scroll_ups": 0, "student": 26}}, {"model": "readings.studentresponseprototype", "pk": 128, "fields": {"question": 1, "context": 2, "response": "Sad", "views": "[1.356]", "scroll_ups": 0, "student": 26}}, {"model": "readings.studentresponseprototype", "pk": 129, "fields": {"question": 2, "context": 2, "response": "Story", "views": "[]", "scroll_ups": 0, "student": 26}}, {"model": "readings.studentresponseprototype", "pk": 130, "fields": {"question": 3, "context": 2, "response": "Yes", "views": "[]", "scroll_ups": 0, "student": 26}}, {"model": "readings.studentresponseprototype", "pk": 131, "fields": {"question": 1, "context": 1, "response": "melancholy", "views": "[3.007,1.865,1.953]", "scroll_ups": 0, "student": 27}}, {"model": "readings.studentresponseprototype", "pk": 132, "fields": {"question": 2, "context": 1, "response": "Giving up hope", "views": "[]", "scroll_ups": 0, "student": 27}}, {"model": "readings.studentresponseprototype", "pk": 133, "fields": {"question": 3, "context": 1, "response": "Yes", "views": "[]", "scroll_ups": 0, "student": 27}}, {"model": "readings.studentresponseprototype", "pk": 134, "fields": {"question": 1, "context": 2, "response": "Sad", "views": "[1.03,0.816]", "scroll_ups": 0, "student": 27}}, {"model": "readings.studentresponseprototype", "pk": 135, "fields": {"question": 2, "context": 2, "response": "losing a child", "views": "[]", "scroll_ups": 0, "student": 27}}, {"model": "readings.studentresponseprototype", "pk": 136, "fields": {"question": 3, "context": 2, "response": "Yes", "views": "[]", "scroll_ups": 0, "student": 27}}, {"model": "readings.studentresponseprototype", "pk": 137, "fields": {"question": 1, "context": 1, "response": "sad", "views": "[5.768,3.701]", "scroll_ups": 0, "student": 28}}, {"model": "readings.studentresponseprototype", "pk": 138, "fields": {"question": 2, "context": 1, "response": "an infant's death", "views": "[]", "scroll_ups": 0, "student": 28}}, {"model": "readings.studentresponseprototype", "pk": 139, "fields": {"question": 3, "context": 1, "response": "yes", "views": "[]", "scroll_ups": 0, "student": 28}}, {"model": "readings.studentresponseprototype", "pk": 140, "fields": {"question": 1, "context": 2, "response": "sad", "views": "[1.011]", "scroll_ups": 0, "student": 28}}, {"model": "readings.studentresponseprototype", "pk": 141, "fields": {"question": 2, "context": 2, "response": "an infant's death", "views": "[]", "scroll_ups": 0, "student": 28}}, {"model": "readings.studentresponseprototype", "pk": 142, "fields": {"question": 3, "context": 2, "response": "yes", "views": "[]", "scroll_ups": 0, "student": 28}}, {"model": "readings.studentresponseprototype", "pk": 143, "fields": {"question": 1, "context": 1, "response": "concerned", "views": "[4.581,2.398]", "scroll_ups": 0, "student": 29}}, {"model": "readings.studentresponseprototype", "pk": 144, "fields": {"question": 2, "context": 1, "response": "interested", "views": "[0.905]", "scroll_ups": 0, "student": 29}}, {"model": "readings.studentresponseprototype", "pk": 145, "fields": {"question": 3, "context": 1, "response": "no", "views": "[]", "scroll_ups": 0, "student": 29}}, {"model": "readings.studentresponseprototype", "pk": 146, "fields": {"question": 1, "context": 2, "response": "interested", "views": "[1.015]", "scroll_ups": 0, "student": 29}}, {"model": "readings.studentresponseprototype", "pk": 147, "fields": {"question": 2, "context": 2, "response": "shoes on sale", "views": "[]", "scroll_ups": 0, "student": 29}}, {"model": "readings.studentresponseprototype", "pk": 148, "fields": {"question": 3, "context": 2, "response": "no", "views": "[]", "scroll_ups": 0, "student": 29}}, {"model": "readings.studentresponseprototype", "pk": 149, "fields": {"question": 1, "context": 1, "response": "suspicious", "views": "[1.861]", "scroll_ups": 0, "student": 30}}, {"model": "readings.studentresponseprototype", "pk": 150, "fields": {"question": 2, "context": 1, "response": "advertising grief", "views": "[]", "scroll_ups": 0, "student": 30}}, {"model": "readings.studentresponseprototype", "pk": 151, "fields": {"question": 3, "context": 1, "response": "Yes", "views": "[]", "scroll_ups": 0, "student": 30}}, {"model": "readings.studentresponseprototype", "pk": 152, "fields": {"question": 1, "context": 2, "response": "concerned", "views": "[1.355]", "scroll_ups": 0, "student": 30}}, {"model": "readings.studentresponseprototype", "pk": 153, "fields": {"question": 2, "context": 2, "response": "sad short story", "views": "[]", "scroll_ups": 0, "student": 30}}, {"model": "readings.studentresponseprototype", "pk": 154, "fields": {"question": 3, "context": 2, "response": "Yes", "views": "[]", "scroll_ups": 0, "student": 30}}, {"model": "readings.studentresponseprototype", "pk": 155, "fields": {"question": 1, "context": 1, "response": "Uncomfortable", "views": "[3.947,5.175]", "scroll_ups": 0, "student": 31}}, {"model": "readings.studentresponseprototype", "pk": 156, "fields": {"question": 2, "context": 1, "response": "Selling baby shoes", "views": "[1.604,1.196]", "scroll_ups": 0, "student": 31}}, {"model": "readings.studentresponseprototype", "pk": 157, "fields": {"question": 3, "context": 1, "response": "Yea", "views": "[]", "scroll_ups": 0, "student": 31}}, {"model": "readings.studentresponseprototype", "pk": 158, "fields": {"question": 1, "context": 2, "response": "Interested", "views": "[2.017,7.446]", "scroll_ups": 0, "student": 31}}, {"model": "readings.studentresponseprototype", "pk": 159, "fields": {"question": 2, "context": 2, "response": "Unborn baby", "views": "[]", "scroll_ups": 0, "student": 31}}, {"model": "readings.studentresponseprototype", "pk": 160, "fields": {"question": 3, "context": 2, "response": "Yea", "views": "[]", "scroll_ups": 0, "student": 31}}, {"model": "readings.studentresponseprototype", "pk": 161, "fields": {"question": 1, "context": 1, "response": "Speculative", "views": "[6.218]", "scroll_ups": 0, "student": 32}}, {"model": "readings.studentresponseprototype", "pk": 162, "fields": {"question": 2, "context": 1, "response": "Asking me something", "views": "[]", "scroll_ups": 0, "student": 32}}, {"model": "readings.studentresponseprototype", "pk": 163, "fields": {"question": 3, "context": 1, "response": "No", "views": "[]", "scroll_ups": 0, "student": 32}}, {"model": "readings.studentresponseprototype", "pk": 164, "fields": {"question": 1, "context": 2, "response": "Helped", "views": "[3.544]", "scroll_ups": 0, "student": 32}}, {"model": "readings.studentresponseprototype", "pk": 165, "fields": {"question": 2, "context": 2, "response": "Clarifying something ominous", "views": "[]", "scroll_ups": 0, "student": 32}}, {"model": "readings.studentresponseprototype", "pk": 166, "fields": {"question": 3, "context": 2, "response": "No", "views": "[]", "scroll_ups": 0, "student": 32}}, {"model": "readings.studentresponseprototype", "pk": 167, "fields": {"question": 1, "context": 1, "response": "Confused", "views": "[3.772,0.933,1.053]", "scroll_ups": 0, "student": 33}}, {"model": "readings.studentresponseprototype", "pk": 168, "fields": {"question": 2, "context": 1, "response": "Ad for shoes", "views": "[0.633]", "scroll_ups": 0, "student": 33}}, {"model": "readings.studentresponseprototype", "pk": 169, "fields": {"question": 3, "context": 1, "response": "No", "views": "[]", "scroll_ups": 0, "student": 33}}, {"model": "readings.studentresponseprototype", "pk": 170, "fields": {"question": 1, "context": 2, "response": "Underwhelmed", "views": "[1.87,3.377]", "scroll_ups": 0, "student": 33}}, {"model": "readings.studentresponseprototype", "pk": 171, "fields": {"question": 2, "context": 2, "response": "Shoes for sale", "views": "[]", "scroll_ups": 0, "student": 33}}, {"model": "readings.studentresponseprototype", "pk": 172, "fields": {"question": 3, "context": 2, "response": "Yes", "views": "[]", "scroll_ups": 0, "student": 33}}, {"model": "readings.studentresponseprototype", "pk": 173, "fields": {"question": 1, "context": 1, "response": "curious", "views": "[29.153,0.884,1.95]", "scroll_ups": 0, "student": 34}}, {"model": "readings.studentresponseprototype", "pk": 174, "fields": {"question": 2, "context": 1, "response": "selling baby shoes", "views": "[]", "scroll_ups": 0, "student": 34}}, {"model": "readings.studentresponseprototype", "pk": 175, "fields": {"question": 3, "context": 1, "response": "yes", "views": "[]", "scroll_ups": 0, "student": 34}}, {"model": "readings.studentresponseprototype", "pk": 176, "fields": {"question": 1, "context": 2, "response": "sad", "views": "[3.358]", "scroll_ups": 0, "student": 34}}, {"model": "readings.studentresponseprototype", "pk": 177, "fields": {"question": 2, "context": 2, "response": "a dead child", "views": "[]", "scroll_ups": 0, "student": 34}}, {"model": "readings.studentresponseprototype", "pk": 178, "fields": {"question": 3, "context": 2, "response": "Yes", "views": "[]", "scroll_ups": 0, "student": 34}}, {"model": "readings.studentresponseprototype", "pk": 179, "fields": {"question": 1, "context": 1, "response": "disappointed", "views": "[8.009,4.151,3.934,1.368]", "scroll_ups": 0, "student": 35}}, {"model": "readings.studentresponseprototype", "pk": 180, "fields": {"question": 2, "context": 1, "response": "Advertisements manipulating emotions.", "views": "[1.185]", "scroll_ups": 0, "student": 35}}, {"model": "readings.studentresponseprototype", "pk": 181, "fields": {"question": 3, "context": 1, "response": "yes", "views": "[2.22,1.332]", "scroll_ups": 0, "student": 35}}, {"model": "readings.studentresponseprototype", "pk": 182, "fields": {"question": 1, "context": 2, "response": "Melancholy", "views": "[0.93,1.433]", "scroll_ups": 0, "student": 35}}, {"model": "readings.studentresponseprototype", "pk": 183, "fields": {"question": 2, "context": 2, "response": "Disappointment and grief", "views": "[]", "scroll_ups": 0, "student": 35}}, {"model": "readings.studentresponseprototype", "pk": 184, "fields": {"question": 3, "context": 2, "response": "yes", "views": "[]", "scroll_ups": 0, "student": 35}}, {"model": "readings.studentresponseprototype", "pk": 185, "fields": {"question": 1, "context": 1, "response": "Depressed", "views": "[0.615]", "scroll_ups": 0, "student": 36}}, {"model": "readings.studentresponseprototype", "pk": 186, "fields": {"question": 2, "context": 1, "response": "Deceased babies", "views": "[]", "scroll_ups": 0, "student": 36}}, {"model": "readings.studentresponseprototype", "pk": 187, "fields": {"question": 3, "context": 1, "response": "Yes", "views": "[]", "scroll_ups": 0, "student": 36}}, {"model": "readings.studentresponseprototype", "pk": 188, "fields": {"question": 1, "context": 2, "response": "Depressed", "views": "[1.006]", "scroll_ups": 0, "student": 36}}, {"model": "readings.studentresponseprototype", "pk": 189, "fields": {"question": 2, "context": 2, "response": "Deceased babies", "views": "[]", "scroll_ups": 0, "student": 36}}, {"model": "readings.studentresponseprototype", "pk": 190, "fields": {"question": 3, "context": 2, "response": "Yes", "views": "[]", "scroll_ups": 0, "student": 36}}, {"model": "readings.studentresponseprototype", "pk": 191, "fields": {"question": 1, "context": 1, "response": "indifferent", "views": "[3.368,0.75]", "scroll_ups": 0, "student": 37}}, {"model": "readings.studentresponseprototype", "pk": 192, "fields": {"question": 2, "context": 1, "response": "shoes for sale", "views": "[]", "scroll_ups": 0, "student": 37}}, {"model": "readings.studentresponseprototype", "pk": 193, "fields": {"question": 3, "context": 1, "response": "yes", "views": "[]", "scroll_ups": 0, "student": 37}}, {"model": "readings.studentresponseprototype", "pk": 194, "fields": {"question": 1, "context": 2, "response": "sad", "views": "[0.932]", "scroll_ups": 0, "student": 37}}, {"model": "readings.studentresponseprototype", "pk": 195, "fields": {"question": 2, "context": 2, "response": "dead babies", "views": "[]", "scroll_ups": 0, "student": 37}}, {"model": "readings.studentresponseprototype", "pk": 196, "fields": {"question": 3, "context": 2, "response": "yes", "views": "[]", "scroll_ups": 0, "student": 37}}, {"model": "readings.studentresponseprototype", "pk": 197, "fields": {"question": 1, "context": 1, "response": "fine", "views": "[6.632,6.515]", "scroll_ups": 0, "student": 38}}, {"model": "readings.studentresponseprototype", "pk": 198, "fields": {"question": 2, "context": 1, "response": "selling shoes", "views": "[]", "scroll_ups": 0, "student": 38}}, {"model": "readings.studentresponseprototype", "pk": 199, "fields": {"question": 3, "context": 1, "response": "yes", "views": "[]", "scroll_ups": 0, "student": 38}}, {"model": "readings.studentresponseprototype", "pk": 200, "fields": {"question": 1, "context": 2, "response": "sad", "views": "[1.83]", "scroll_ups": 0, "student": 38}}, {"model": "readings.studentresponseprototype", "pk": 201, "fields": {"question": 2, "context": 2, "response": "a baby died", "views": "[]", "scroll_ups": 0, "student": 38}}, {"model": "readings.studentresponseprototype", "pk": 202, "fields": {"question": 3, "context": 2, "response": "yes", "views": "[]", "scroll_ups": 0, "student": 38}}, {"model": "readings.studentresponseprototype", "pk": 203, "fields": {"question": 1, "context": 1, "response": "Neutral", "views": "[6.471,2.005]", "scroll_ups": 0, "student": 39}}, {"model": "readings.studentresponseprototype", "pk": 204, "fields": {"question": 2, "context": 1, "response": "Resold consumer goods", "views": "[]", "scroll_ups": 0, "student": 39}}, {"model": "readings.studentresponseprototype", "pk": 205, "fields": {"question": 3, "context": 1, "response": "Yes", "views": "[]", "scroll_ups": 0, "student": 39}}, {"model": "readings.studentresponseprototype", "pk": 206, "fields": {"question": 1, "context": 2, "response": "Sad/curious", "views": "[1.04]", "scroll_ups": 0, "student": 39}}, {"model": "readings.studentresponseprototype", "pk": 207, "fields": {"question": 2, "context": 2, "response": "Infant mortality", "views": "[]", "scroll_ups": 0, "student": 39}}, {"model": "readings.studentresponseprototype", "pk": 208, "fields": {"question": 3, "context": 2, "response": "Yes", "views": "[]", "scroll_ups": 0, "student": 39}}, {"model": "readings.studentresponseprototype", "pk": 209, "fields": {"question": 1, "context": 1, "response": "confused", "views": "[5.14]", "scroll_ups": 0, "student": 40}}, {"model": "readings.studentresponseprototype", "pk": 210, "fields": {"question": 2, "context": 1, "response": "advertising baby shoes", "views": "[1.892]", "scroll_ups": 0, "student": 40}}, {"model": "readings.studentresponseprototype", "pk": 211, "fields": {"question": 3, "context": 1, "response": "no", "views": "[]", "scroll_ups": 0, "student": 40}}, {"model": "readings.studentresponseprototype", "pk": 212, "fields": {"question": 1, "context": 2, "response": "intrigued", "views": "[2.457]", "scroll_ups": 0, "student": 40}}, {"model": "readings.studentresponseprototype", "pk": 213, "fields": {"question": 2, "context": 2, "response": "someone selling shoes", "views": "[]", "scroll_ups": 0, "student": 40}}, {"model": "readings.studentresponseprototype", "pk": 214, "fields": {"question": 3, "context": 2, "response": "yes", "views": "[]", "scroll_ups": 0, "student": 40}}, {"model": "readings.studentresponseprototype", "pk": 215, "fields": {"question": 1, "context": 1, "response": "Sad", "views": "[4.876,2.4]", "scroll_ups": 0, "student": 41}}, {"model": "readings.studentresponseprototype", "pk": 216, "fields": {"question": 2, "context": 1, "response": "Loss", "views": "[]", "scroll_ups": 0, "student": 41}}, {"model": "readings.studentresponseprototype", "pk": 217, "fields": {"question": 3, "context": 1, "response": "Yes", "views": "[]", "scroll_ups": 0, "student": 41}}, {"model": "readings.studentresponseprototype", "pk": 218, "fields": {"question": 1, "context": 2, "response": "Sadder", "views": "[5.854,0.969]", "scroll_ups": 0, "student": 41}}, {"model": "readings.studentresponseprototype", "pk": 219, "fields": {"question": 2, "context": 2, "response": "Unfortunate events", "views": "[]", "scroll_ups": 0, "student": 41}}, {"model": "readings.studentresponseprototype", "pk": 220, "fields": {"question": 3, "context": 2, "response": "Yes", "views": "[]", "scroll_ups": 0, "student": 41}}, {"model": "readings.studentresponseprototype", "pk": 221, "fields": {"question": 1, "context": 1, "response": "annoyed", "views": "[16.525]", "scroll_ups": 0, "student": 42}}, {"model": "readings.studentresponseprototype", "pk": 222, "fields": {"question": 2, "context": 1, "response": "nonsense", "views": "[2.849]", "scroll_ups": 0, "student": 42}}, {"model": "readings.studentresponseprototype", "pk": 223, "fields": {"question": 3, "context": 1, "response": "no", "views": "[]", "scroll_ups": 0, "student": 42}}, {"model": "readings.studentresponseprototype", "pk": 224, "fields": {"question": 1, "context": 2, "response": "confused", "views": "[2.026]", "scroll_ups": 0, "student": 42}}, {"model": "readings.studentresponseprototype", "pk": 225, "fields": {"question": 2, "context": 2, "response": "a short story", "views": "[]", "scroll_ups": 0, "student": 42}}, {"model": "readings.studentresponseprototype", "pk": 226, "fields": {"question": 3, "context": 2, "response": "no", "views": "[]", "scroll_ups": 0, "student": 42}}, {"model": "readings.studentresponseprototype", "pk": 227, "fields": {"question": 1, "context": 1, "response": "Confused", "views": "[4.018,1.807]", "scroll_ups": 0, "student": 43}}, {"model": "readings.studentresponseprototype", "pk": 228, "fields": {"question": 2, "context": 1, "response": "Asking questions", "views": "[]", "scroll_ups": 0, "student": 43}}, {"model": "readings.studentresponseprototype", "pk": 229, "fields": {"question": 3, "context": 1, "response": "Possibly", "views": "[]", "scroll_ups": 0, "student": 43}}, {"model": "readings.studentresponseprototype", "pk": 230, "fields": {"question": 1, "context": 2, "response": "Puzzled", "views": "[1.49]", "scroll_ups": 0, "student": 43}}, {"model": "readings.studentresponseprototype", "pk": 231, "fields": {"question": 2, "context": 2, "response": "Repetition", "views": "[]", "scroll_ups": 0, "student": 43}}, {"model": "readings.studentresponseprototype", "pk": 232, "fields": {"question": 3, "context": 2, "response": "Yes", "views": "[]", "scroll_ups": 0, "student": 43}}, {"model": "readings.studentresponseprototype", "pk": 233, "fields": {"question": 1, "context": 1, "response": "Melancholy", "views": "[3.695,1.769]", "scroll_ups": 0, "student": 44}}, {"model": "readings.studentresponseprototype", "pk": 234, "fields": {"question": 2, "context": 1, "response": "A garage sale", "views": "[]", "scroll_ups": 0, "student": 44}}, {"model": "readings.studentresponseprototype", "pk": 235, "fields": {"question": 3, "context": 1, "response": "Yes", "views": "[]", "scroll_ups": 0, "student": 44}}, {"model": "readings.studentresponseprototype", "pk": 236, "fields": {"question": 1, "context": 2, "response": "Depressed", "views": "[1.352]", "scroll_ups": 0, "student": 44}}, {"model": "readings.studentresponseprototype", "pk": 237, "fields": {"question": 2, "context": 2, "response": "Parent losing child", "views": "[]", "scroll_ups": 0, "student": 44}}, {"model": "readings.studentresponseprototype", "pk": 238, "fields": {"question": 3, "context": 2, "response": "Yes", "views": "[]", "scroll_ups": 0, "student": 44}}, {"model": "auth.permission", "pk": 1, "fields": {"name": "Can add log entry", "content_type": 1, "codename": "add_logentry"}}, {"model": "auth.permission", "pk": 2, "fields": {"name": "Can change log entry", "content_type": 1, "codename": "change_logentry"}}, {"model": "auth.permission", "pk": 3, "fields": {"name": "Can delete log entry", "content_type": 1, "codename": "delete_logentry"}}, {"model": "auth.permission", "pk": 4, "fields": {"name": "Can view log entry", "content_type": 1, "codename": "view_logentry"}}, {"model": "auth.permission", "pk": 5, "fields": {"name": "Can add permission", "content_type": 2, "codename": "add_permission"}}, {"model": "auth.permission", "pk": 6, "fields": {"name": "Can change permission", "content_type": 2, "codename": "change_permission"}}, {"model": "auth.permission", "pk": 7, "fields": {"name": "Can delete permission", "content_type": 2, "codename": "delete_permission"}}, {"model": "auth.permission", "pk": 8, "fields": {"name": "Can view permission", "content_type": 2, "codename": "view_permission"}}, {"model": "auth.permission", "pk": 9, "fields": {"name": "Can add group", "content_type": 3, "codename": "add_group"}}, {"model": "auth.permission", "pk": 10, "fields": {"name": "Can change group", "content_type": 3, "codename": "change_group"}}, {"model": "auth.permission", "pk": 11, "fields": {"name": "Can delete group", "content_type": 3, "codename": "delete_group"}}, {"model": "auth.permission", "pk": 12, "fields": {"name": "Can view group", "content_type": 3, "codename": "view_group"}}, {"model": "auth.permission", "pk": 13, "fields": {"name": "Can add user", "content_type": 4, "codename": "add_user"}}, {"model": "auth.permission", "pk": 14, "fields": {"name": "Can change user", "content_type": 4, "codename": "change_user"}}, {"model": "auth.permission", "pk": 15, "fields": {"name": "Can delete user", "content_type": 4, "codename": "delete_user"}}, {"model": "auth.permission", "pk": 16, "fields": {"name": "Can view user", "content_type": 4, "codename": "view_user"}}, {"model": "auth.permission", "pk": 17, "fields": {"name": "Can add content type", "content_type": 5, "codename": "add_contenttype"}}, {"model": "auth.permission", "pk": 18, "fields": {"name": "Can change content type", "content_type": 5, "codename": "change_contenttype"}}, {"model": "auth.permission", "pk": 19, "fields": {"name": "Can delete content type", "content_type": 5, "codename": "delete_contenttype"}}, {"model": "auth.permission", "pk": 20, "fields": {"name": "Can view content type", "content_type": 5, "codename": "view_contenttype"}}, {"model": "auth.permission", "pk": 21, "fields": {"name": "Can add session", "content_type": 6, "codename": "add_session"}}, {"model": "auth.permission", "pk": 22, "fields": {"name": "Can change session", "content_type": 6, "codename": "change_session"}}, {"model": "auth.permission", "pk": 23, "fields": {"name": "Can delete session", "content_type": 6, "codename": "delete_session"}}, {"model": "auth.permission", "pk": 24, "fields": {"name": "Can view session", "content_type": 6, "codename": "view_session"}}, {"model": "auth.permission", "pk": 25, "fields": {"name": "Can add story", "content_type": 7, "codename": "add_story"}}, {"model": "auth.permission", "pk": 26, "fields": {"name": "Can change story", "content_type": 7, "codename": "change_story"}}, {"model": "auth.permission", "pk": 27, "fields": {"name": "Can delete story", "content_type": 7, "codename": "delete_story"}}, {"model": "auth.permission", "pk": 28, "fields": {"name": "Can view story", "content_type": 7, "codename": "view_story"}}, {"model": "auth.permission", "pk": 29, "fields": {"name": "Can add student", "content_type": 8, "codename": "add_student"}}, {"model": "auth.permission", "pk": 30, "fields": {"name": "Can change student", "content_type": 8, "codename": "change_student"}}, {"model": "auth.permission", "pk": 31, "fields": {"name": "Can delete student", "content_type": 8, "codename": "delete_student"}}, {"model": "auth.permission", "pk": 32, "fields": {"name": "Can view student", "content_type": 8, "codename": "view_student"}}, {"model": "auth.permission", "pk": 33, "fields": {"name": "Can add student response", "content_type": 9, "codename": "add_studentresponse"}}, {"model": "auth.permission", "pk": 34, "fields": {"name": "Can change student response", "content_type": 9, "codename": "change_studentresponse"}}, {"model": "auth.permission", "pk": 35, "fields": {"name": "Can delete student response", "content_type": 9, "codename": "delete_studentresponse"}}, {"model": "auth.permission", "pk": 36, "fields": {"name": "Can view student response", "content_type": 9, "codename": "view_studentresponse"}}, {"model": "auth.permission", "pk": 37, "fields": {"name": "Can add question", "content_type": 10, "codename": "add_question"}}, {"model": "auth.permission", "pk": 38, "fields": {"name": "Can change question", "content_type": 10, "codename": "change_question"}}, {"model": "auth.permission", "pk": 39, "fields": {"name": "Can delete question", "content_type": 10, "codename": "delete_question"}}, {"model": "auth.permission", "pk": 40, "fields": {"name": "Can view question", "content_type": 10, "codename": "view_question"}}, {"model": "auth.permission", "pk": 41, "fields": {"name": "Can add context", "content_type": 11, "codename": "add_context"}}, {"model": "auth.permission", "pk": 42, "fields": {"name": "Can change context", "content_type": 11, "codename": "change_context"}}, {"model": "auth.permission", "pk": 43, "fields": {"name": "Can delete context", "content_type": 11, "codename": "delete_context"}}, {"model": "auth.permission", "pk": 44, "fields": {"name": "Can view context", "content_type": 11, "codename": "view_context"}}, {"model": "auth.permission", "pk": 45, "fields": {"name": "Can add document", "content_type": 12, "codename": "add_document"}}, {"model": "auth.permission", "pk": 46, "fields": {"name": "Can change document", "content_type": 12, "codename": "change_document"}}, {"model": "auth.permission", "pk": 47, "fields": {"name": "Can delete document", "content_type": 12, "codename": "delete_document"}}, {"model": "auth.permission", "pk": 48, "fields": {"name": "Can view document", "content_type": 12, "codename": "view_document"}}, {"model": "auth.permission", "pk": 49, "fields": {"name": "Can add student reading data", "content_type": 13, "codename": "add_studentreadingdata"}}, {"model": "auth.permission", "pk": 50, "fields": {"name": "Can change student reading data", "content_type": 13, "codename": "change_studentreadingdata"}}, {"model": "auth.permission", "pk": 51, "fields": {"name": "Can delete student reading data", "content_type": 13, "codename": "delete_studentreadingdata"}}, {"model": "auth.permission", "pk": 52, "fields": {"name": "Can view student reading data", "content_type": 13, "codename": "view_studentreadingdata"}}, {"model": "auth.permission", "pk": 53, "fields": {"name": "Can add student segment data", "content_type": 14, "codename": "add_studentsegmentdata"}}, {"model": "auth.permission", "pk": 54, "fields": {"name": "Can change student segment data", "content_type": 14, "codename": "change_studentsegmentdata"}}, {"model": "auth.permission", "pk": 55, "fields": {"name": "Can delete student segment data", "content_type": 14, "codename": "delete_studentsegmentdata"}}, {"model": "auth.permission", "pk": 56, "fields": {"name": "Can view student segment data", "content_type": 14, "codename": "view_studentsegmentdata"}}, {"model": "auth.permission", "pk": 57, "fields": {"name": "Can add context prototype", "content_type": 11, "codename": "add_contextprototype"}}, {"model": "auth.permission", "pk": 58, "fields": {"name": "Can change context prototype", "content_type": 11, "codename": "change_contextprototype"}}, {"model": "auth.permission", "pk": 59, "fields": {"name": "Can delete context prototype", "content_type": 11, "codename": "delete_contextprototype"}}, {"model": "auth.permission", "pk": 60, "fields": {"name": "Can view context prototype", "content_type": 11, "codename": "view_contextprototype"}}, {"model": "auth.permission", "pk": 61, "fields": {"name": "Can add question prototype", "content_type": 10, "codename": "add_questionprototype"}}, {"model": "auth.permission", "pk": 62, "fields": {"name": "Can change question prototype", "content_type": 10, "codename": "change_questionprototype"}}, {"model": "auth.permission", "pk": 63, "fields": {"name": "Can delete question prototype", "content_type": 10, "codename": "delete_questionprototype"}}, {"model": "auth.permission", "pk": 64, "fields": {"name": "Can view question prototype", "content_type": 10, "codename": "view_questionprototype"}}, {"model": "auth.permission", "pk": 65, "fields": {"name": "Can add story prototype", "content_type": 7, "codename": "add_storyprototype"}}, {"model": "auth.permission", "pk": 66, "fields": {"name": "Can change story prototype", "content_type": 7, "codename": "change_storyprototype"}}, {"model": "auth.permission", "pk": 67, "fields": {"name": "Can delete story prototype", "content_type": 7, "codename": "delete_storyprototype"}}, {"model": "auth.permission", "pk": 68, "fields": {"name": "Can view story prototype", "content_type": 7, "codename": "view_storyprototype"}}, {"model": "auth.permission", "pk": 69, "fields": {"name": "Can add student response prototype", "content_type": 9, "codename": "add_studentresponseprototype"}}, {"model": "auth.permission", "pk": 70, "fields": {"name": "Can change student response prototype", "content_type": 9, "codename": "change_studentresponseprototype"}}, {"model": "auth.permission", "pk": 71, "fields": {"name": "Can delete student response prototype", "content_type": 9, "codename": "delete_studentresponseprototype"}}, {"model": "auth.permission", "pk": 72, "fields": {"name": "Can view student response prototype", "content_type": 9, "codename": "view_studentresponseprototype"}}, {"model": "auth.permission", "pk": 73, "fields": {"name": "Can add segment", "content_type": 15, "codename": "add_segment"}}, {"model": "auth.permission", "pk": 74, "fields": {"name": "Can change segment", "content_type": 15, "codename": "change_segment"}}, {"model": "auth.permission", "pk": 75, "fields": {"name": "Can delete segment", "content_type": 15, "codename": "delete_segment"}}, {"model": "auth.permission", "pk": 76, "fields": {"name": "Can view segment", "content_type": 15, "codename": "view_segment"}}, {"model": "auth.user", "pk": 1, "fields": {"password": "pbkdf2_sha256$150000$KGlR0HtLT8Tt$Y6OxYcG2VWLMkJgcDoxvQTdQlCZV1yQo4fvOb34E9Dw=", "last_login": "2019-10-04T14:58:59.895Z", "is_superuser": true, "username": "admin", "first_name": "", "last_name": "", "email": "", "is_staff": true, "is_active": true, "date_joined": "2019-07-26T19:15:06.429Z", "groups": [], "user_permissions": []}}, {"model": "admin.logentry", "pk": 1, "fields": {"action_time": "2019-07-26T19:17:24.238Z", "user": 1, "content_type": 7, "object_id": "1", "object_repr": "Story object (1)", "action_flag": 1, "change_message": "[{\"added\": {}}, {\"added\": {\"name\": \"context\", \"object\": \"This is an ad.\"}}, {\"added\": {\"name\": \"context\", \"object\": \"This is actually a short story.\"}}, {\"added\": {\"name\": \"question\", \"object\": \"Question object (1)\"}}, {\"added\": {\"name\": \"question\", \"object\": \"Question object (2)\"}}]"}}, {"model": "admin.logentry", "pk": 2, "fields": {"action_time": "2019-07-29T15:51:51.299Z", "user": 1, "content_type": 8, "object_id": "8", "object_repr": "Student object (8)", "action_flag": 3, "change_message": ""}}, {"model": "admin.logentry", "pk": 3, "fields": {"action_time": "2019-07-29T15:51:51.312Z", "user": 1, "content_type": 8, "object_id": "7", "object_repr": "Student object (7)", "action_flag": 3, "change_message": ""}}, {"model": "admin.logentry", "pk": 4, "fields": {"action_time": "2019-07-29T15:51:51.324Z", "user": 1, "content_type": 8, "object_id": "6", "object_repr": "Student object (6)", "action_flag": 3, "change_message": ""}}, {"model": "admin.logentry", "pk": 5, "fields": {"action_time": "2019-07-29T15:51:51.336Z", "user": 1, "content_type": 8, "object_id": "5", "object_repr": "Student object (5)", "action_flag": 3, "change_message": ""}}, {"model": "admin.logentry", "pk": 6, "fields": {"action_time": "2019-07-29T15:51:51.348Z", "user": 1, "content_type": 8, "object_id": "4", "object_repr": "Student object (4)", "action_flag": 3, "change_message": ""}}, {"model": "admin.logentry", "pk": 7, "fields": {"action_time": "2019-07-29T15:51:51.359Z", "user": 1, "content_type": 8, "object_id": "3", "object_repr": "Student object (3)", "action_flag": 3, "change_message": ""}}, {"model": "admin.logentry", "pk": 8, "fields": {"action_time": "2019-07-29T15:51:51.371Z", "user": 1, "content_type": 8, "object_id": "2", "object_repr": "Student object (2)", "action_flag": 3, "change_message": ""}}, {"model": "admin.logentry", "pk": 9, "fields": {"action_time": "2019-07-29T15:51:51.383Z", "user": 1, "content_type": 8, "object_id": "1", "object_repr": "Student object (1)", "action_flag": 3, "change_message": ""}}, {"model": "admin.logentry", "pk": 10, "fields": {"action_time": "2019-07-29T17:11:28.972Z", "user": 1, "content_type": 7, "object_id": "1", "object_repr": "Story object (1)", "action_flag": 2, "change_message": "[]"}}, {"model": "admin.logentry", "pk": 11, "fields": {"action_time": "2019-07-29T17:38:15.782Z", "user": 1, "content_type": 7, "object_id": "1", "object_repr": "Story object (1)", "action_flag": 2, "change_message": "[{\"added\": {\"name\": \"question\", \"object\": \"Question object (3)\"}}]"}}, {"model": "admin.logentry", "pk": 12, "fields": {"action_time": "2019-09-03T19:51:13.234Z", "user": 1, "content_type": 7, "object_id": "1", "object_repr": "Story object (1)", "action_flag": 2, "change_message": "[{\"changed\": {\"fields\": [\"story\"]}}]"}}, {"model": "admin.logentry", "pk": 13, "fields": {"action_time": "2019-10-04T15:00:05.100Z", "user": 1, "content_type": 8, "object_id": "14", "object_repr": "<QuerySet [<StudentResponse: 1>, <StudentResponse: 1>, <StudentResponse: 1>, <StudentResponse: 1>, <StudentResponse: 1>, <StudentResponse: 1>]>", "action_flag": 3, "change_message": ""}}, {"model": "admin.logentry", "pk": 14, "fields": {"action_time": "2019-10-04T15:00:05.113Z", "user": 1, "content_type": 8, "object_id": "13", "object_repr": "<QuerySet [<StudentResponse: 2>, <StudentResponse: 1>, <StudentResponse: 2>, <StudentResponse: 1>]>", "action_flag": 3, "change_message": ""}}, {"model": "admin.logentry", "pk": 15, "fields": {"action_time": "2019-10-04T15:00:05.117Z", "user": 1, "content_type": 8, "object_id": "12", "object_repr": "<QuerySet [<StudentResponse: 1>, <StudentResponse: 1>, <StudentResponse: 1>, <StudentResponse: 1>]>", "action_flag": 3, "change_message": ""}}, {"model": "admin.logentry", "pk": 16, "fields": {"action_time": "2019-10-04T15:00:05.120Z", "user": 1, "content_type": 8, "object_id": "11", "object_repr": "<QuerySet [<StudentResponse: 1>, <StudentResponse: 1>, <StudentResponse: 1>, <StudentResponse: 1>]>", "action_flag": 3, "change_message": ""}}, {"model": "admin.logentry", "pk": 17, "fields": {"action_time": "2019-10-04T15:00:05.124Z", "user": 1, "content_type": 8, "object_id": "10", "object_repr": "<QuerySet [<StudentResponse: 1>, <StudentResponse: 1>, <StudentResponse: 1>, <StudentResponse: 1>]>", "action_flag": 3, "change_message": ""}}, {"model": "admin.logentry", "pk": 18, "fields": {"action_time": "2019-10-04T15:00:05.127Z", "user": 1, "content_type": 8, "object_id": "9", "object_repr": "<QuerySet [<StudentResponse: 1>, <StudentResponse: 1>, <StudentResponse: 1>, <StudentResponse: 1>]>", "action_flag": 3, "change_message": ""}}]