[{"model": "contenttypes.contenttype", "pk": 1, "fields": {"app_label": "admin", "model": "logentry"}}, {"model": "contenttypes.contenttype", "pk": 2, "fields": {"app_label": "auth", "model": "permission"}}, {"model": "contenttypes.contenttype", "pk": 3, "fields": {"app_label": "auth", "model": "group"}}, {"model": "contenttypes.contenttype", "pk": 4, "fields": {"app_label": "auth", "model": "user"}}, {"model": "contenttypes.contenttype", "pk": 5, "fields": {"app_label": "contenttypes", "model": "contenttype"}}, {"model": "contenttypes.contenttype", "pk": 6, "fields": {"app_label": "sessions", "model": "session"}}, {"model": "contenttypes.contenttype", "pk": 7, "fields": {"app_label": "readings", "model": "student"}}, {"model": "contenttypes.contenttype", "pk": 8, "fields": {"app_label": "readings", "model": "document"}}, {"model": "contenttypes.contenttype", "pk": 9, "fields": {"app_label": "readings", "model": "studentreadingdata"}}, {"model": "contenttypes.contenttype", "pk": 10, "fields": {"app_label": "readings", "model": "studentsegmentdata"}}, {"model": "contenttypes.contenttype", "pk": 11, "fields": {"app_label": "readings", "model": "contextprototype"}}, {"model": "contenttypes.contenttype", "pk": 12, "fields": {"app_label": "readings", "model": "questionprototype"}}, {"model": "contenttypes.contenttype", "pk": 13, "fields": {"app_label": "readings", "model": "storyprototype"}}, {"model": "contenttypes.contenttype", "pk": 14, "fields": {"app_label": "readings", "model": "studentresponseprototype"}}, {"model": "contenttypes.contenttype", "pk": 15, "fields": {"app_label": "readings", "model": "segment"}}, {"model": "contenttypes.contenttype", "pk": 16, "fields": {"app_label": "readings", "model": "segmentquestion"}}, {"model": "contenttypes.contenttype", "pk": 17, "fields": {"app_label": "readings", "model": "segmentquestionresponse"}}, {"model": "contenttypes.contenttype", "pk": 18, "fields": {"app_label": "readings", "model": "segmentcontext"}}, {"model": "sessions.session", "pk": "bata505147k3zdcg4u53ddhxx6ea4qbp", "fields": {"session_data": "NDEzZjdlNTU3MjJlMWMzZWEzNjBlY2ZkMWE4MjNmODBjMWE4YjI1YTp7Il9hdXRoX3VzZXJfaWQiOiIxIiwiX2F1dGhfdXNlcl9iYWNrZW5kIjoiZGphbmdvLmNvbnRyaWIuYXV0aC5iYWNrZW5kcy5Nb2RlbEJhY2tlbmQiLCJfYXV0aF91c2VyX2hhc2giOiI3YzgyZDY0ZGFkMDdiODI5NmExYzcxYzFkNGJkNDI3YTBmZGYxY2RkIn0=", "expire_date": "2019-09-17T19:50:30.857Z"}}, {"model": "sessions.session", "pk": "lk6hzzmcm9sdikuaq5r9xxxpgx6j2ray", "fields": {"session_data": "MzU2OTA3ZGIyNDY1MzE0ZjQxZjZmZTNlNzAxOTBjZGY4MTIwMzYyMTp7Il9hdXRoX3VzZXJfaWQiOiIxIiwiX2F1dGhfdXNlcl9iYWNrZW5kIjoiZGphbmdvLmNvbnRyaWIuYXV0aC5iYWNrZW5kcy5Nb2RlbEJhY2tlbmQiLCJfYXV0aF91c2VyX2hhc2giOiIyMTVhZGY5OTJlMDVjNTBkNzg5N2JjNzU2ZjcyYTJiZTU3NDYyYTUzIn0=", "expire_date": "2019-10-18T14:58:59.900Z"}}, {"model": "sessions.session", "pk": "thitcj2q68ke41rh3384fsg8epf1ohh9", "fields": {"session_data": "NDEzZjdlNTU3MjJlMWMzZWEzNjBlY2ZkMWE4MjNmODBjMWE4YjI1YTp7Il9hdXRoX3VzZXJfaWQiOiIxIiwiX2F1dGhfdXNlcl9iYWNrZW5kIjoiZGphbmdvLmNvbnRyaWIuYXV0aC5iYWNrZW5kcy5Nb2RlbEJhY2tlbmQiLCJfYXV0aF91c2VyX2hhc2giOiI3YzgyZDY0ZGFkMDdiODI5NmExYzcxYzFkNGJkNDI3YTBmZGYxY2RkIn0=", "expire_date": "2019-08-09T19:15:17.891Z"}}, {"model": "sessions.session", "pk": "v9apcpq50bqqy195nz4yc5rg01y8z24o", "fields": {"session_data": "MzU2OTA3ZGIyNDY1MzE0ZjQxZjZmZTNlNzAxOTBjZGY4MTIwMzYyMTp7Il9hdXRoX3VzZXJfaWQiOiIxIiwiX2F1dGhfdXNlcl9iYWNrZW5kIjoiZGphbmdvLmNvbnRyaWIuYXV0aC5iYWNrZW5kcy5Nb2RlbEJhY2tlbmQiLCJfYXV0aF91c2VyX2hhc2giOiIyMTVhZGY5OTJlMDVjNTBkNzg5N2JjNzU2ZjcyYTJiZTU3NDYyYTUzIn0=", "expire_date": "2019-11-07T20:51:05.887Z"}}, {"model": "readings.document", "pk": 1, "fields": {"title": "Recitatif", "author": "Toni Morrison"}}, {"model": "readings.segment", "pk": 1, "fields": {"text": "My mother danced all night and Roberta's was sick. That's why we were taken to St. Bonny's. People want to put their arms around you when you tell them you were in a shelter, but it really wasn't bad. No big long room with one hundred beds like Bellevue. There were four to a room, and when Roberta and me came, there was a shortage of state kids, so we were the only ones assigned to 406 and could go from bed to bed if we wanted to. And we wanted to, too. We changed beds every night and for the whole four months we were there we never picked one out as our own permanent bed.\n", "sequence": 0, "document": 1}}, {"model": "readings.segment", "pk": 2, "fields": {"text": "It didn't start out that way. The minute I walked in and the Big Bozo introduced us, I got sick to my stomach. It was one thing to be taken out of your own bed early in the morning\u00e2\u20ac\u201dit was something else to be stuck in a strange place with a girl from a whole other race. And Mary, that's my mother, she was right. Every now and then she would stop dancing long enough to tell me something important and one of the things she said was that they never washed their hair and they smelled funny. Roberta sure did. Smell funny, I mean. So when the Big Bozo (nobody ever called her Mrs. Itkin, just like nobody every said St. Bonaventure)\u00e2\u20ac\u201dwhen she said, \"Twyla, this is Roberta. Roberta, this is Twyla. Make each other welcome.\" I said, \"My mother won't like you putting me in here.\"\n", "sequence": 1, "document": 1}}, {"model": "readings.segment", "pk": 3, "fields": {"text": "\"Good,\" said Bozo. \"Maybe then she'll come and take you home.\"\n", "sequence": 2, "document": 1}}, {"model": "readings.segment", "pk": 4, "fields": {"text": "How's that for mean? If Roberta had laughed I would have killed her, but she didn't. She just walked over to the window and stood with her back to us.\n", "sequence": 3, "document": 1}}, {"model": "readings.segment", "pk": 5, "fields": {"text": "\"Turn around,\" said the Bozo. \"Don't be rude. Now Twyla. Roberta. When you hear a loud buzzer, that's the call for dinner. Come down to the first floor. Any fights and no movie.\" And then, just to make sure we knew what we would be missing, \"The Wizard of Oz.\"\n", "sequence": 4, "document": 1}}, {"model": "readings.segment", "pk": 6, "fields": {"text": "Roberta must have thought I meant that my mother would be mad about my being put in the shelter. Not about rooming with her, because as soon as Bozo left she came over to me and said, \"Is your mother sick too?\"\n", "sequence": 5, "document": 1}}, {"model": "readings.segment", "pk": 7, "fields": {"text": "\"No,\" I said. \"She just likes to dance all night.\"\n", "sequence": 6, "document": 1}}, {"model": "readings.segment", "pk": 8, "fields": {"text": "\"Oh,\" she nodded her head and I liked the way she understood things so fast. So for the moment it didn't matter that we looked like salt and pepper standing there and that's what the other kids called us sometimes. We were eight years old and got F's all the time. Me because I couldn't remember what I read or what the teacher said. And Roberta because she couldn't read at all and didn't even listen to the teacher. She wasn't good at anything except jacks, at which she was a killer: pow scoop pow scoop pow scoop.\n", "sequence": 7, "document": 1}}, {"model": "readings.segment", "pk": 9, "fields": {"text": "We didn't like each other all that much at first, but nobody else wanted to play with us because we weren't real orphans with beautiful dead parents in the sky. We were dumped. Even the New York City Puerto Ricans and the upstate Indians ignored us. All kinds of kids were in there, black ones, white ones, even two Koreans. The food was good, though. At least I thought so. Roberta hated it and left whole pieces of things on her plate: Spam, Salisbury steak\u00e2\u20ac\u201deven jello with fruit cocktail in it, and she didn't care if I ate what she wouldn't. Mary's idea of supper was popcorn and a can of Yoo-Hoo. Hot mashed potatoes and two weenies was like Thanksgiving for me.\n", "sequence": 8, "document": 1}}, {"model": "readings.segment", "pk": 10, "fields": {"text": "It really wasn't bad, St. Bonny's. The big girls on the second floor pushed us around now and then. But that was all. They wore lipstick and eyebrow pencil and wobbled their knees while they watched TV. Fifteen, sixteen, even, some of them were. They were put-out girls, scared runaways most of them. Poor little girls who fought their uncles off but looked tough to us, and mean. God did they look mean. The staff tried to keep them separate from the younger children, but sometimes they caught us watching them in the orchard where they played radios and danced with each other. They'd light out after us and pull our hair or twist our arms. We were scared of them, Roberta and me, but neither of us wanted the other one to know it. So we got a good list of dirty names we could shout back when we ran from them through the orchard. I used to dream a lot and almost always the orchard was there. Two acres, four maybe, of these little apple trees. Hundreds of them. Empty and crooked like beggar women when I first came to St. Bonny's but fat with flowers when I left. I don't know why I dreamt about that orchard so much. Nothing really happened there. Nothing all that important, I mean. Just the big girls dancing and playing the radio. Roberta and me watching. Maggie fell down there once. The kitchen woman with legs like parentheses. And the big girls laughed at her. We should have helped her up, I know, but we were scared of those girls with lipstick and eyebrow pencil. Maggie couldn't talk. The kids said she had her tongue cut out, but I think she was just born that way: mute. She was old and sandy-colored and she worked in the kitchen. I don't know if she was nice or not. I just remember her legs like parentheses and how she rocked when she walked. She worked from early in the morning till two o'clock, and if she was late, if she had too much cleaning and didn't get out till two-fifteen or so, she'd cut through the orchard so she wouldn't miss her bus and have to wait another hour. She wore this really stupid little hat\u00e2\u20ac\u201da kid's hat with ear flaps\u00e2\u20ac\u201dand she wasn't much taller than we were. A really awful little hat. Even for a mute, it was dumb\u00e2\u20ac\u201ddressing like a kid and never saying anything at all.\n", "sequence": 9, "document": 1}}, {"model": "readings.segment", "pk": 11, "fields": {"text": "\"But what about if somebody tries to kill her?\" I used to wonder about that. \"Or what if she wants to cry? Can she cry?\"\n", "sequence": 10, "document": 1}}, {"model": "readings.segment", "pk": 12, "fields": {"text": "\"Sure,\" Roberta said. \"But just tears. No sounds come out.\"\n", "sequence": 11, "document": 1}}, {"model": "readings.segment", "pk": 13, "fields": {"text": "\"She can't scream?\"\n", "sequence": 12, "document": 1}}, {"model": "readings.segment", "pk": 14, "fields": {"text": "\"Nope. Nothing.\"\n", "sequence": 13, "document": 1}}, {"model": "readings.segment", "pk": 15, "fields": {"text": "\"Can she hear?\"\n", "sequence": 14, "document": 1}}, {"model": "readings.segment", "pk": 16, "fields": {"text": "\"I guess.\"\n", "sequence": 15, "document": 1}}, {"model": "readings.segment", "pk": 17, "fields": {"text": "\"Let's call her,\" I said. And we did.\n", "sequence": 16, "document": 1}}, {"model": "readings.segment", "pk": 18, "fields": {"text": "\"Dummy! Dummy!\" She never turned her head.\n", "sequence": 17, "document": 1}}, {"model": "readings.segment", "pk": 19, "fields": {"text": "\"Bow legs! Bow legs!\" Nothing. She just rocked on, the chin straps of her baby-boy hat swaying from side to side. I think we were wrong. I think she could hear and didn't let on. And it shames me even now to think there was somebody in there after all who heard us call her those names and couldn't tell on us.\n", "sequence": 18, "document": 1}}, {"model": "readings.segment", "pk": 20, "fields": {"text": "We got along all right, Roberta and me. Changed beds every night, got F's in civics and communication skills and gym. The Bozo was disappointed in us, she said. Out of 130 of us state cases, 90 were under twelve. Almost all were real orphans with beautiful dead parents in the sky. We were the only ones dumped and the only ones with F's in three classes including gym. So we got along\u00e2\u20ac\u201dwhat with her leaving whole pieces of things on her plate and being nice about not asking questions.\n", "sequence": 19, "document": 1}}, {"model": "readings.segment", "pk": 21, "fields": {"text": "I think it was the day before Maggie fell down that we found out our mothers were coming to visit us on the same Sunday. We had been at the shelter twenty-eight days (Roberta twenty-eight and a half) and this was their first visit with us. Our mothers would come at ten o'clock in time for chapel, then lunch with us in the teachers' lounge. I thought if my dancing mother met her sick mother it might be good for her. And Roberta thought her sick mother would get a big bang out of a dancing one. We got excited about it and curled each other's hair. After breakfast we sat on the bed watching the road from the window. Roberta's socks were still wet. She washed them the night before and put them on the radiator to dry. They hadn't, but she put them on anyway because their tops were so pretty\u00e2\u20ac\u201dscalloped in pink. Each of us had a purple construction-paper basket that we had made in craft class. Mine had a yellow crayon rabbit on it. Roberta's had eggs with wiggly lines of color. Inside were cellophane grass and just the jelly beans because I'd eaten the two marshmallow eggs they gave us. The Big Bozo came herself to get us. Smiling she told us we looked very nice and to come downstairs. We were so surprised by the smile we'd never seen before, neither of us moved.\n", "sequence": 20, "document": 1}}, {"model": "readings.segment", "pk": 22, "fields": {"text": "\"Don't you want to see your mommies?\"\n", "sequence": 21, "document": 1}}, {"model": "readings.segment", "pk": 23, "fields": {"text": "I stood up first and spilled the jelly beans all over the floor. Bozo's smile disappeared while we scrambled to get the candy up off the floor and put it back in the grass.\n", "sequence": 22, "document": 1}}, {"model": "readings.segment", "pk": 24, "fields": {"text": "She escorted us downstairs to the first floor, where the other girls were lining up to file into the chapel. A bunch of grown-ups stood to one side. Viewers mostly. The old biddies who wanted servants and the fags who wanted company looking for children they might want to adopt. Once in a while a grandmother. Almost never anybody young or anybody whose face wouldn't scare you in the night. Because if any of the real orphans had young relatives they wouldn't be real orphans. I saw Mary right away. She had on those green slacks I hated and hated even more now because didn't she know we were going to chapel? And that fur jacket with the pocket linings so ripped she had to pull to get her hands out of them. But her face was pretty\u00e2\u20ac\u201dlike always, and she smiled and waved like she was the little girl looking for her mother\u00e2\u20ac\u201dnot me.\n", "sequence": 23, "document": 1}}, {"model": "readings.segment", "pk": 25, "fields": {"text": "I walked slowly, trying not to drop the jelly beans and hoping the paper handle would hold. I had to use my last Chiclet because by the time I finished cutting everything out, all the Elmer's was gone. I am left-handed and the scissors never worked for me. It didn't matter, though; I might just as well have chewed the gum. Mary dropped to her knees and grabbed me, mashing the basket, the jelly beans, and the grass into her ratty fur jacket.\n", "sequence": 24, "document": 1}}, {"model": "readings.segment", "pk": 26, "fields": {"text": "\"Twyla, baby. Twyla, baby!\"\n", "sequence": 25, "document": 1}}, {"model": "readings.segment", "pk": 27, "fields": {"text": "I could have killed her. Already I heard the big girls in the orchard the next time saying, \"Twyyyyyla, baby!\" But I couldn't stay mad at Mary while she was smiling and hugging me and smelling of Lady Esther dusting powder. I wanted to stay buried in her fur all day.\n", "sequence": 26, "document": 1}}, {"model": "readings.segment", "pk": 28, "fields": {"text": "To tell the truth I forgot about Roberta. Mary and I got in line for the traipse into chapel and I was feeling proud because she looked so beautiful even in those ugly green slacks that made her behind stick out. A pretty mother on earth is better than a beautiful dead one in the sky even if she did leave you all alone to go dancing.\n", "sequence": 27, "document": 1}}, {"model": "readings.segment", "pk": 29, "fields": {"text": "I felt a tap on my shoulder, turned, and saw Roberta smiling. I smiled back, but not too much lest somebody think this visit was the biggest thing that ever happened in my life. Then Roberta said, \"Mother, I want you to meet my roommate, Twyla. And that's Twyla's mother.\"\n", "sequence": 28, "document": 1}}, {"model": "readings.segment", "pk": 30, "fields": {"text": "I looked up it seemed for miles. She was big. Bigger than any man and on her chest was the biggest cross I'd ever seen. I swear it was six inches long each way. And in the crook of her arm was the biggest Bible ever made.\n", "sequence": 29, "document": 1}}, {"model": "readings.segment", "pk": 31, "fields": {"text": "Mary, simple-minded as ever, grinned and tried to yank her hand out of the pocket with the raggedy lining\u00e2\u20ac\u201dto shake hands, I guess. Roberta's mother looked down at me and then looked down at Mary too. She didn't say anything, just grabbed Roberta with her Bible-free hand and stepped out of line, walking quickly to the rear of it. Mary was still grinning because she's not too swift when it comes to what's really going on. Then this light bulb goes off in her head and she says \"That bitch!\" really loud and us almost in the chapel now. Organ music whining; the Bonny Angels singing sweetly. Everybody in the world turned around to look. And Mary would have kept it up\u00e2\u20ac\u201dkept calling names if I hadn't squeezed her hand as hard as I could. That helped a little, but she still twitched and crossed and uncrossed her legs all through service. Even groaned a couple of times. Why did I think she would come there and act right? Slacks. No hat like the grandmothers and viewers, and groaning all the while. When we stood for hymns she kept her mouth shut. Wouldn't even look at the words on the page. She actually reached in her purse for a mirror to check her lipstick. All I could think of was that she really needed to be killed. The sermon lasted a year, and I knew the real orphans were looking smug again.\n", "sequence": 30, "document": 1}}, {"model": "readings.segment", "pk": 32, "fields": {"text": "We were supposed to have lunch in the teachers' lounge, but Mary didn't bring anything, so we picked fur and cellophane grass off the mashed jelly beans and ate them. I could have killed her. I sneaked a look at Roberta. Her mother had brought chicken legs and ham sandwiches and oranges and a whole box of chocolate-covered grahams. Roberta drank milk from a thermos while her mother read the Bible to her.\n", "sequence": 31, "document": 1}}, {"model": "readings.segment", "pk": 33, "fields": {"text": "Things are not right. The wrong food is always with the wrong people. Maybe that's why I got into waitress work later\u00e2\u20ac\u201dto match up the right people with the right food. Roberta just let those chicken legs sit there, but she did bring a stack of grahams up to me later when the visit was over. I think she was sorry that her mother would not shake my mother's hand. And I liked that and I liked the fact that she didn't say a word about Mary groaning all the way through the service and not bringing any lunch.\n", "sequence": 32, "document": 1}}, {"model": "readings.segment", "pk": 34, "fields": {"text": "Roberta left in May when the apple trees were heavy and white. On her last day we went to the orchard to watch the big girls smoke and dance by the radio. It didn't matter that they said, \"Twyyyyyla, baby.\" We sat on the ground and breathed. Lady Esther. Apple blossoms. I still go soft when I smell one or the other. Roberta was going home. The big cross and the big Bible was coming to get her and she seemed sort of glad and sort of not. I thought I would die in that room of four beds without her and I knew Bozo had plans to move some other dumped kid in there with me. Roberta promised to write every day, which was really sweet of her because she couldn't read a lick so how could she write anybody. I would have drawn pictures and sent them to her but she never gave me her address. Little by little she faded. Her wet socks with the pink scalloped tops and her big serious-looking eyes\u00e2\u20ac\u201dthat's all I could catch when I tried to bring her to mind.\n", "sequence": 33, "document": 1}}, {"model": "readings.segment", "pk": 35, "fields": {"text": "~\n", "sequence": 34, "document": 1}}, {"model": "readings.segment", "pk": 36, "fields": {"text": "I was working behind the counter at the Howard Johnson's on the Thruway just before the Kingston exit. Not a bad job. Kind of a long ride from Newburgh, but okay once I got there. Mine was the second night shift\u00e2\u20ac\u201deleven to seven. Very light until a Greyhound checked in for breakfast around six-thirty. At that hour the sun was all the way clear of the hills behind the restaurant. The place looked better at night\u00e2\u20ac\u201dmore like shelter\u00e2\u20ac\u201dbut I loved it when the sun broke in, even if it did show all the cracks in the vinyl and the speckled floor looked dirty no matter what the mop boy did.\n", "sequence": 35, "document": 1}}, {"model": "readings.segment", "pk": 37, "fields": {"text": "It was August and a bus crowd was just unloading. They would stand around a long while: going to the john, and looking at gifts and junk-for-sale machines, reluctant to sit down so soon. Even to eat. I was trying to fill the coffee pots and get them all situated on the electric burners when I saw her. She was sitting in a booth smoking a cigarette with two guys smothered in head and facial hair. Her own hair was so big and wild I could hardly see her face. But the eyes. I would know them anywhere. She had on a powder-blue halter and shorts outfit and earrings the size of bracelets. Talk about lipstick and eyebrow pencil. She made the big girls look like nuns. I couldn't get off the counter until seven o'clock, but I kept watching the booth in case they got up to leave before that. My replacement was on time for a change, so I counted and stacked my receipts as fast as I could and signed off. I walked over to the booths, smiling and wondering if she would remember me. Or even if she wanted to remember me. Maybe she didn't want to be reminded of St. Bonny's or to have anybody know she was ever there. I know I never talked about it to anybody.\n", "sequence": 36, "document": 1}}, {"model": "readings.segment", "pk": 38, "fields": {"text": "I put my hands in my apron pockets and leaned against the back of the booth facing them.\n", "sequence": 37, "document": 1}}, {"model": "readings.segment", "pk": 39, "fields": {"text": "\"Roberta? Roberta Fisk?\"\n", "sequence": 38, "document": 1}}, {"model": "readings.segment", "pk": 40, "fields": {"text": "She looked up. \"Yeah?\"\n", "sequence": 39, "document": 1}}, {"model": "readings.segment", "pk": 41, "fields": {"text": "\"Twyla.\"\n", "sequence": 40, "document": 1}}, {"model": "readings.segment", "pk": 42, "fields": {"text": "She squinted for a second and then said, \"Wow.\"\n", "sequence": 41, "document": 1}}, {"model": "readings.segment", "pk": 43, "fields": {"text": "\"Remember me?\"\n", "sequence": 42, "document": 1}}, {"model": "readings.segment", "pk": 44, "fields": {"text": "\"Sure. Hey. Wow.\"\n", "sequence": 43, "document": 1}}, {"model": "readings.segment", "pk": 45, "fields": {"text": "\"It's been a while,\" I said, and gave a smile to the two hairy guys.\n", "sequence": 44, "document": 1}}, {"model": "readings.segment", "pk": 46, "fields": {"text": "\"Yeah. Wow. You work here?\"\n", "sequence": 45, "document": 1}}, {"model": "readings.segment", "pk": 47, "fields": {"text": "\"Yeah,\" I said. \"I live in Newburgh.\"\n", "sequence": 46, "document": 1}}, {"model": "readings.segment", "pk": 48, "fields": {"text": "\"Newburgh? No kidding?\" She laughed then a private laugh that included the guys but only the guys, and they laughed with her. What could I do but laugh too and wonder why I was standing there with my knees showing out from under that uniform. Without looking I could see the blue and white triangle on my head, my hair shapeless in a net, my ankles thick in white oxfords. Nothing could have been less sheer than my stockings. There was this silence that came down right after I laughed. A silence it was her turn to fill up. With introductions, maybe, to her boyfriends or an invitation to sit down and have a Coke. Instead she lit a cigarette off the one she'd just finished and said, \"We're on our way to the Coast. He's got an appointment with Hendrix.\" She gestured casually toward the boy next to her.\n", "sequence": 47, "document": 1}}, {"model": "readings.segment", "pk": 49, "fields": {"text": "\"Hendrix? Fantastic,\" I said. \"Really fantastic. What's she doing now?\"\n", "sequence": 48, "document": 1}}, {"model": "readings.segment", "pk": 50, "fields": {"text": "Roberta coughed on her cigarette and the two guys rolled their eyes up at the ceiling.\"\n", "sequence": 49, "document": 1}}, {"model": "readings.segment", "pk": 51, "fields": {"text": "\"Hendrix. Jimi Hendrix, asshole. He's only the biggest\u00e2\u20ac\u201dOh, wow. Forget it.\"\n", "sequence": 50, "document": 1}}, {"model": "readings.segment", "pk": 52, "fields": {"text": "I was dismissed without anyone saying goodbye, so I thought I would do it for her.\n", "sequence": 51, "document": 1}}, {"model": "readings.segment", "pk": 53, "fields": {"text": "\"How's your mother?\" I asked. Her grin cracked her whole face. She swallowed. \"Fine,\" she said. \"How's yours?\"\n", "sequence": 52, "document": 1}}, {"model": "readings.segment", "pk": 54, "fields": {"text": "\"Pretty as a picture,\" I said and turned away. The backs of my knees were damp. Howard Johnson's really was a dump in the sunlight.\n", "sequence": 53, "document": 1}}, {"model": "readings.segment", "pk": 55, "fields": {"text": "~\n", "sequence": 54, "document": 1}}, {"model": "readings.segment", "pk": 56, "fields": {"text": "James is as comfortable as a house slipper. He liked my cooking and I liked his big loud family. They have lived in Newburgh all of their lives and talk about it the way people do who have always known a home. His grandmother is a porch swing older than his father and when they talk about streets and avenues and buildings they call them names they no longer have. They still call the A & P Rico's because it stands on property once a mom and pop store owned by Mr. Rico. And they call the new community college Town Hall because it once was. My mother-in-law puts up jelly and cucumbers and buys butter wrapped in cloth from a dairy. James and his father talk about fishing and baseball and I can see them all together on the Hudson in a raggedy skiff. Half the population of Newburgh is on welfare now, but to my husband's family it was still some upstate paradise of a time long past. A time of ice houses and vegetable wagons, coal furnaces and children weeding gardens. When our son was born my mother-in-law gave me the crib blanket that had been hers.\n", "sequence": 55, "document": 1}}, {"model": "readings.segment", "pk": 57, "fields": {"text": "But the town they remembered had changed. Something quick was in the air. Magnificent old houses, so ruined they had become shelter for squatters and rent risks, were bought and renovated. Smart IBM people moved out of their suburbs back into the city and put shutters up and herb gardens in their backyards. A brochure came in the mail announcing the opening of a Food Emporium. Gourmet food it said\u00e2\u20ac\u201dand listed items the rich IBM crowd would want. It was located in a new mall at the edge of town and I drove out to shop there one day\u00e2\u20ac\u201djust to see. It was late in June. After the tulips were gone and the Queen Elizabeth roses were open everywhere.\n", "sequence": 56, "document": 1}}, {"model": "readings.segment", "pk": 58, "fields": {"text": "It railed my cart along the aisle tossing in smoked oysters and Robert's sauce and things I knew would sit in my cupboard for years. Only when I found some Klondike ice cream bars did I feel less guilty about spending James's fireman's salary so foolishly. My father-in-law ate them with the same gusto little Joseph did.\n", "sequence": 57, "document": 1}}, {"model": "readings.segment", "pk": 59, "fields": {"text": "Waiting in the check-out line I heard a voice say, \"Twyla!\"\n", "sequence": 58, "document": 1}}, {"model": "readings.segment", "pk": 60, "fields": {"text": "The classical music piped over the aisles had affected me and the woman leaning toward me was dressed to kill. Diamonds on her hand, a smart white summer dress. \"I'm Mrs. Benson,\" I said.\n", "sequence": 59, "document": 1}}, {"model": "readings.segment", "pk": 61, "fields": {"text": "\"Ho. Ho. The Big Bozo,\" she sang.\n", "sequence": 60, "document": 1}}, {"model": "readings.segment", "pk": 62, "fields": {"text": "For a split second I didn't know what she was talking about. She had a bunch of asparagus and two cartons of fancy water.\n", "sequence": 61, "document": 1}}, {"model": "readings.segment", "pk": 63, "fields": {"text": "\"Roberta!\"\n", "sequence": 62, "document": 1}}, {"model": "readings.segment", "pk": 64, "fields": {"text": "\"Right.\"\n", "sequence": 63, "document": 1}}, {"model": "readings.segment", "pk": 65, "fields": {"text": "\"For heaven's sake. Roberta.\"\n", "sequence": 64, "document": 1}}, {"model": "readings.segment", "pk": 66, "fields": {"text": "\"You look great,\" she said.\n", "sequence": 65, "document": 1}}, {"model": "readings.segment", "pk": 67, "fields": {"text": "\"So do you. Where are you? Here? In Newburgh?\"\n", "sequence": 66, "document": 1}}, {"model": "readings.segment", "pk": 68, "fields": {"text": "\"Yes. Over in Annandale.\"\n", "sequence": 67, "document": 1}}, {"model": "readings.segment", "pk": 69, "fields": {"text": "I was opening my mouth to say more when the cashier called my attention to her empty counter.\n", "sequence": 68, "document": 1}}, {"model": "readings.segment", "pk": 70, "fields": {"text": "\"Meet you outside.\" Roberta pointed her finger and went into the express line.\n", "sequence": 69, "document": 1}}, {"model": "readings.segment", "pk": 71, "fields": {"text": "I placed the groceries and kept myself from glancing around to check Roberta's progress. I remembered Howard Johnson's and looking for a chance to speak only to be greeted with a stingy \"wow.\" But she was waiting for me and her huge hair was sleek now, smooth around a small, nicely shaped head. Shoes, dress, everything lovely and summery and rich.\n", "sequence": 70, "document": 1}}, {"model": "readings.segment", "pk": 72, "fields": {"text": "I was dying to know what happened to her, how she got from Jimi Hendrix to Annandale, a neighborhood full of doctors and IBM executives. Easy, I thought. Everything is so easy for them. They think they own the world.\n", "sequence": 71, "document": 1}}, {"model": "readings.segment", "pk": 73, "fields": {"text": "\"How long,\" I asked her. \"How long have you been here?\"\n", "sequence": 72, "document": 1}}, {"model": "readings.segment", "pk": 74, "fields": {"text": "\"A year. I got married to a man who lives here. And you, you're married too, right? Benson, you said.\"\n", "sequence": 73, "document": 1}}, {"model": "readings.segment", "pk": 75, "fields": {"text": "\"Yeah. James Benson.\"\n", "sequence": 74, "document": 1}}, {"model": "readings.segment", "pk": 76, "fields": {"text": "\"And is he nice?\"\n", "sequence": 75, "document": 1}}, {"model": "readings.segment", "pk": 77, "fields": {"text": "\"Oh, is he nice?\"\n", "sequence": 76, "document": 1}}, {"model": "readings.segment", "pk": 78, "fields": {"text": "\"Well, is he?\" Roberta's eyes were steady as though she really meant the question and wanted an answer.\n", "sequence": 77, "document": 1}}, {"model": "readings.segment", "pk": 79, "fields": {"text": "\"He's wonderful, Roberta. Wonderful.\"\n", "sequence": 78, "document": 1}}, {"model": "readings.segment", "pk": 80, "fields": {"text": "\"So you're happy.\"\n", "sequence": 79, "document": 1}}, {"model": "readings.segment", "pk": 81, "fields": {"text": "\"Very.\"\n", "sequence": 80, "document": 1}}, {"model": "readings.segment", "pk": 82, "fields": {"text": "\"That's good,\" she said and nodded her head. \"I always hoped you'd be happy. Any kids? I know you have kids.\"\n", "sequence": 81, "document": 1}}, {"model": "readings.segment", "pk": 83, "fields": {"text": "\"One. A boy. How about you?\"\n", "sequence": 82, "document": 1}}, {"model": "readings.segment", "pk": 84, "fields": {"text": "\"Four.\"\n", "sequence": 83, "document": 1}}, {"model": "readings.segment", "pk": 85, "fields": {"text": "\"Four?\"\n", "sequence": 84, "document": 1}}, {"model": "readings.segment", "pk": 86, "fields": {"text": "She laughed. \"Step kids. He's a widower.\"\n", "sequence": 85, "document": 1}}, {"model": "readings.segment", "pk": 87, "fields": {"text": "\"Oh.\"\n", "sequence": 86, "document": 1}}, {"model": "readings.segment", "pk": 88, "fields": {"text": "\"Got a minute? Let's have a coffee.\"\n", "sequence": 87, "document": 1}}, {"model": "readings.segment", "pk": 89, "fields": {"text": "I thought about the Klondikes melting and the inconvenience of going all the way to my car and putting the bags in the trunk. Served me right for buying all that stuff I didn't need. Roberta was ahead of me.\"\n", "sequence": 88, "document": 1}}, {"model": "readings.segment", "pk": 90, "fields": {"text": "\"Put them in my car. It's right here.\"\n", "sequence": 89, "document": 1}}, {"model": "readings.segment", "pk": 91, "fields": {"text": "And then I saw the dark blue limousine.\n", "sequence": 90, "document": 1}}, {"model": "readings.segment", "pk": 92, "fields": {"text": "\"You married a Chinaman?\"\n", "sequence": 91, "document": 1}}, {"model": "readings.segment", "pk": 93, "fields": {"text": "\"No,\" she laughed. \"He's the driver.\"\n", "sequence": 92, "document": 1}}, {"model": "readings.segment", "pk": 94, "fields": {"text": "\"Oh, my. If the Big Bozo could see you now.\"\n", "sequence": 93, "document": 1}}, {"model": "readings.segment", "pk": 95, "fields": {"text": "We both giggled. Really giggled. Suddenly, in just a pulse beat, twenty years disappeared and all of it came rushing back. The big girls (whom we called gar girls\u00e2\u20ac\u201dRoberta's misheard word for the evil stone faces described in a civics class) there dancing in the orchard, the ploppy mashed potatoes, the double weenies, the Spam with pineapple. We went into the coffee shop holding onto one another and I tried to think why we were glad to see each other this time and not before. Once, twelve years ago, we passed like strangers. A black girl and a white girl meeting in a Howard Johnson's on the road and having nothing to say. One in a blue and white triangle waitress hat\u00e2\u20ac\u201dthe other on her way to see Hendrix. Now we were behaving like sisters separated for much too long. Those four short months were nothing in time. Maybe it was the thing itself. Just being there, together. Two little girls who knew what nobody else in the world knew\u00e2\u20ac\u201dhow not to ask questions. How to believe what had to be believed. There was politeness in that reluctance and generosity as well. Is your mother sick too? No, she dances all night. Oh\u00e2\u20ac\u201dand an understanding nod.\n", "sequence": 94, "document": 1}}, {"model": "readings.segment", "pk": 96, "fields": {"text": "We sat in a booth by the window and fell into recollection like veterans.\n", "sequence": 95, "document": 1}}, {"model": "readings.segment", "pk": 97, "fields": {"text": "\"Did you ever learn to read?\"\n", "sequence": 96, "document": 1}}, {"model": "readings.segment", "pk": 98, "fields": {"text": "\"Watch.\" She picked up the menu. \"Special of the day. Cream of corn soup. Entrees. Two dots and a wriggly line. Quiche. Chef salad, scallops...\"\n", "sequence": 97, "document": 1}}, {"model": "readings.segment", "pk": 99, "fields": {"text": "I was laughing and applauding when the waitress came up.\n", "sequence": 98, "document": 1}}, {"model": "readings.segment", "pk": 100, "fields": {"text": "\"Remember the Easter baskets?\"\n", "sequence": 99, "document": 1}}, {"model": "readings.segment", "pk": 101, "fields": {"text": "\"And how we tried to introduce them?\"\n", "sequence": 100, "document": 1}}, {"model": "readings.segment", "pk": 102, "fields": {"text": "\"Your mother with that cross like two telephone poles.\"\n", "sequence": 101, "document": 1}}, {"model": "readings.segment", "pk": 103, "fields": {"text": "\"And yours with those tight slacks.\"\n", "sequence": 102, "document": 1}}, {"model": "readings.segment", "pk": 104, "fields": {"text": "We laughed so loudly heads turned and made the laughter harder to suppress.\"\n", "sequence": 103, "document": 1}}, {"model": "readings.segment", "pk": 105, "fields": {"text": "\"What happened to the Jimi Hendrix date?\"\n", "sequence": 104, "document": 1}}, {"model": "readings.segment", "pk": 106, "fields": {"text": "Roberta made a blow-out sound with her lips.\n", "sequence": 105, "document": 1}}, {"model": "readings.segment", "pk": 107, "fields": {"text": "\"When he died I thought about you.\"\n", "sequence": 106, "document": 1}}, {"model": "readings.segment", "pk": 108, "fields": {"text": "\"Oh, you heard about him finally?\"\n", "sequence": 107, "document": 1}}, {"model": "readings.segment", "pk": 109, "fields": {"text": "\"Finally. Come on, I was a small-town country waitress.\"\n", "sequence": 108, "document": 1}}, {"model": "readings.segment", "pk": 110, "fields": {"text": "\"And I was a small-town country dropout. God, were we wild. I still don't know how I got out of there alive.\"\n", "sequence": 109, "document": 1}}, {"model": "readings.segment", "pk": 111, "fields": {"text": "\"But you did.\"\n", "sequence": 110, "document": 1}}, {"model": "readings.segment", "pk": 112, "fields": {"text": "\"I did. I really did. Now I'm Mrs. Kenneth Norton.\"\n", "sequence": 111, "document": 1}}, {"model": "readings.segment", "pk": 113, "fields": {"text": "\"Sounds like a mouthful.\"\n", "sequence": 112, "document": 1}}, {"model": "readings.segment", "pk": 114, "fields": {"text": "\"It is.\"\n", "sequence": 113, "document": 1}}, {"model": "readings.segment", "pk": 115, "fields": {"text": "\"Servants and all?\"\n", "sequence": 114, "document": 1}}, {"model": "readings.segment", "pk": 116, "fields": {"text": "Roberta held up two fingers.\n", "sequence": 115, "document": 1}}, {"model": "readings.segment", "pk": 117, "fields": {"text": "\"Ow! What does he do?\"\n", "sequence": 116, "document": 1}}, {"model": "readings.segment", "pk": 118, "fields": {"text": "\"Computers and stuff. What do I know?\"\n", "sequence": 117, "document": 1}}, {"model": "readings.segment", "pk": 119, "fields": {"text": "\"I don't remember a hell of a lot from those days, but Lord, St. Bonny's is as clear as daylight. Remember Maggie? The day she fell down and those gar girls laughed at her?\"\n", "sequence": 118, "document": 1}}, {"model": "readings.segment", "pk": 120, "fields": {"text": "Roberta looked up from her salad and stared at me. \"Maggie didn't fall,\" she said.\n", "sequence": 119, "document": 1}}, {"model": "readings.segment", "pk": 121, "fields": {"text": "\"Yes, she did. You remember.\"\n", "sequence": 120, "document": 1}}, {"model": "readings.segment", "pk": 122, "fields": {"text": "\"No, Twyla. They knocked her down. Those girls pushed her down and tore her clothes. In the orchard.\"\n", "sequence": 121, "document": 1}}, {"model": "readings.segment", "pk": 123, "fields": {"text": "\"I don't\u00e2\u20ac\u201dthat's not what happened.\"\n", "sequence": 122, "document": 1}}, {"model": "readings.segment", "pk": 124, "fields": {"text": "\"Sure it is. In the orchard. Remember how scared we were?\"\n", "sequence": 123, "document": 1}}, {"model": "readings.segment", "pk": 125, "fields": {"text": "\"Wait a minute. I don't remember any of that.\"\n", "sequence": 124, "document": 1}}, {"model": "readings.segment", "pk": 126, "fields": {"text": "\"And Bozo was fired.\"\n", "sequence": 125, "document": 1}}, {"model": "readings.segment", "pk": 127, "fields": {"text": "\"You're crazy. She was there when I left. You left before me.\"\n", "sequence": 126, "document": 1}}, {"model": "readings.segment", "pk": 128, "fields": {"text": "\"I went back. You weren't there when they fired Bozo.\"\n", "sequence": 127, "document": 1}}, {"model": "readings.segment", "pk": 129, "fields": {"text": "\"What?\"\n", "sequence": 128, "document": 1}}, {"model": "readings.segment", "pk": 130, "fields": {"text": "\"Twice. Once for a year when I was about ten, another for two months when I was fourteen. That's when I ran away.\"\n", "sequence": 129, "document": 1}}, {"model": "readings.segment", "pk": 131, "fields": {"text": "\"You ran away from St. Bonny's?\"\n", "sequence": 130, "document": 1}}, {"model": "readings.segment", "pk": 132, "fields": {"text": "\"I had to. What do you want? Me dancing in that orchard?\"\n", "sequence": 131, "document": 1}}, {"model": "readings.segment", "pk": 133, "fields": {"text": "\"Are you sure about Maggie?\"\n", "sequence": 132, "document": 1}}, {"model": "readings.segment", "pk": 134, "fields": {"text": "\"Of course I'm sure. You've blocked it, Twyla. It happened. Those girls had behavior problems, you know.\"\n", "sequence": 133, "document": 1}}, {"model": "readings.segment", "pk": 135, "fields": {"text": "\"Didn't they, though. But why can't I remember the Maggie thing?\"\n", "sequence": 134, "document": 1}}, {"model": "readings.segment", "pk": 136, "fields": {"text": "\"Believe me. It happened. And we were there.\"\n", "sequence": 135, "document": 1}}, {"model": "readings.segment", "pk": 137, "fields": {"text": "\"Who did you room with when you went back?\" I asked her as if I would know her. The Maggie thing was troubling me.\n", "sequence": 136, "document": 1}}, {"model": "readings.segment", "pk": 138, "fields": {"text": "\"Creeps. They tickled themselves in the night.\"\n", "sequence": 137, "document": 1}}, {"model": "readings.segment", "pk": 139, "fields": {"text": "My ears were itching and I wanted to go home suddenly. This was all very well but she couldn't just comb her hair, wash her face and pretend everything was hunky-dory. After the Howard Johnson's snub. And no apology. Nothing.\n", "sequence": 138, "document": 1}}, {"model": "readings.segment", "pk": 140, "fields": {"text": "\"Were you on dope or what that time at Howard Johnson's?\" I tried to make my voice sound friendlier than I felt.\n", "sequence": 139, "document": 1}}, {"model": "readings.segment", "pk": 141, "fields": {"text": "\"Maybe, a little. I never did drugs much. Why?\"\n", "sequence": 140, "document": 1}}, {"model": "readings.segment", "pk": 142, "fields": {"text": "\"I don't know; you acted sort of like you didn't want to know me then.\"\n", "sequence": 141, "document": 1}}, {"model": "readings.segment", "pk": 143, "fields": {"text": "\"Oh, Twyla, you know how it was in those days: black\u00e2\u20ac\u201dwhite. You know how everything was.\"\n", "sequence": 142, "document": 1}}, {"model": "readings.segment", "pk": 144, "fields": {"text": "But I didn't know. I thought it was just the opposite. Busloads of blacks and whites came into Howard Johnson's together. They roamed together then: students, musicians, lovers, protesters. You got to see everything at Howard Johnson's and blacks were very friendly with whites in those days. But sitting there with nothing on my plate but two hard tomato wedges wondering about the melting Klondikes it seemed childish remembering the slight. We went to her car, and with the help of the driver, got my stuff into my station wagon.\n", "sequence": 143, "document": 1}}, {"model": "readings.segment", "pk": 145, "fields": {"text": "\"We'll keep in touch this time,\" she said.\n", "sequence": 144, "document": 1}}, {"model": "readings.segment", "pk": 146, "fields": {"text": "\"Sure,\" I said. \"Sure. Give me a call.\"\n", "sequence": 145, "document": 1}}, {"model": "readings.segment", "pk": 147, "fields": {"text": "\"I will,\" she said, and then just as I was sliding behind the wheel, she leaned into the window. \"By the way. Your mother. Did she ever stop dancing?\"\n", "sequence": 146, "document": 1}}, {"model": "readings.segment", "pk": 148, "fields": {"text": "I shook my head. \"No. Never.\"\n", "sequence": 147, "document": 1}}, {"model": "readings.segment", "pk": 149, "fields": {"text": "Roberta nodded.\n", "sequence": 148, "document": 1}}, {"model": "readings.segment", "pk": 150, "fields": {"text": "\"And yours? Did she ever get well?\"\n", "sequence": 149, "document": 1}}, {"model": "readings.segment", "pk": 151, "fields": {"text": "She smiled a tiny sad smile. \"No. She never did. Look, call me, okay?\"\n", "sequence": 150, "document": 1}}, {"model": "readings.segment", "pk": 152, "fields": {"text": "\"Okay,\" I said, but I knew I wouldn't. Roberta had messed up my past somehow with that business about Maggie. I wouldn't forget a thing like that. Would I?\n", "sequence": 151, "document": 1}}, {"model": "readings.segment", "pk": 153, "fields": {"text": "~\n", "sequence": 152, "document": 1}}, {"model": "readings.segment", "pk": 154, "fields": {"text": "Strife came to us that fall. At least that's what the paper called it. Strife. Racial strife. The word made me think of a bird\u00e2\u20ac\u201da big shrieking bird out of 1,000,000,000 B.C. Flapping its wings and cawing. Its eye with no lid always bearing down on you. All day it screeched and at night it slept on the rooftops. It woke you in the morning and from the Today show to the eleven o'clock news it kept you an awful company. I couldn't figure it out from one day to the next. I knew I was supposed to feel something strong, but I didn't know what, and James wasn't any help. Joseph was on the list of kids to be transferred from the junior high school to another one at some far-out-of-the-way place and I thought it was a good thing until I heard it was a bad thing. I mean I didn't know. All the schools seemed dumps to me, and the fact that one was nicer looking didn't hold much weight. But the papers were full of it and then the kids began to get jumpy. In August, mind you. Schools weren't even open yet. I thought Joseph might be frightened to go over there, but he didn't seem scared so I forgot about it, until I found myself driving along Hudson Street out there by the school they were trying to integrate and saw a line of women marching. And who do you suppose was in line, big as life, holding a sign in front of her bigger than her mother's cross? MOTHERS HAVE RIGHTS TOO! it said.\n", "sequence": 153, "document": 1}}, {"model": "readings.segment", "pk": 155, "fields": {"text": "I drove on, and then changed my mind. I circled the block, slowed down, and honked my horn.\n", "sequence": 154, "document": 1}}, {"model": "readings.segment", "pk": 156, "fields": {"text": "Roberta looked over and when she saw me she waved. I didn't wave back, but I didn't move either. She handed her sign to another woman and came over to where I was parked.\n", "sequence": 155, "document": 1}}, {"model": "readings.segment", "pk": 157, "fields": {"text": "\"Hi.\"\n", "sequence": 156, "document": 1}}, {"model": "readings.segment", "pk": 158, "fields": {"text": "\"What are you doing?\"\n", "sequence": 157, "document": 1}}, {"model": "readings.segment", "pk": 159, "fields": {"text": "\"Picketing. What's it look like?\"\n", "sequence": 158, "document": 1}}, {"model": "readings.segment", "pk": 160, "fields": {"text": "\"What for?\"\n", "sequence": 159, "document": 1}}, {"model": "readings.segment", "pk": 161, "fields": {"text": "\"What do you mean, 'What for?' They want to take my kids and send them out of the neighborhood. They don't want to go.\"\n", "sequence": 160, "document": 1}}, {"model": "readings.segment", "pk": 162, "fields": {"text": "\"So what if they go to another school? My boy's being bussed too, and I don't mind. Why should you?\"\n", "sequence": 161, "document": 1}}, {"model": "readings.segment", "pk": 163, "fields": {"text": "\"It's not about us, Twyla. Me and you. It's about our kids.\"\n", "sequence": 162, "document": 1}}, {"model": "readings.segment", "pk": 164, "fields": {"text": "\"What's more us than that?\"\n", "sequence": 163, "document": 1}}, {"model": "readings.segment", "pk": 165, "fields": {"text": "\"Well, it is a free country.\"\n", "sequence": 164, "document": 1}}, {"model": "readings.segment", "pk": 166, "fields": {"text": "\"Not yet, but it will be.\"\n", "sequence": 165, "document": 1}}, {"model": "readings.segment", "pk": 167, "fields": {"text": "\"What the hell does that mean? I'm not doing anything to you.\"\n", "sequence": 166, "document": 1}}, {"model": "readings.segment", "pk": 168, "fields": {"text": "\"You really think that?\"\n", "sequence": 167, "document": 1}}, {"model": "readings.segment", "pk": 169, "fields": {"text": "\"I know it.\"\n", "sequence": 168, "document": 1}}, {"model": "readings.segment", "pk": 170, "fields": {"text": "\"I wonder what made me think you were different.\"\n", "sequence": 169, "document": 1}}, {"model": "readings.segment", "pk": 171, "fields": {"text": "\"I wonder what made me think you were different.\"\n", "sequence": 170, "document": 1}}, {"model": "readings.segment", "pk": 172, "fields": {"text": "\"Look at them,\" I said. \"Just look. Who do they think they are? Swarming all over the place like they own it. And now they think they can decide where my child goes to school. Look at them, Roberta. They're Bozos.\"\n", "sequence": 171, "document": 1}}, {"model": "readings.segment", "pk": 173, "fields": {"text": "Roberta turned around and looked at the women. Almost all of them were standing still now, waiting. Some were even edging toward us. Roberta looked at me out of some refrigerator behind her eyes. \"No, they're not. They're just mothers.\"\n", "sequence": 172, "document": 1}}, {"model": "readings.segment", "pk": 174, "fields": {"text": "\"And what am I? Swiss cheese?\"\n", "sequence": 173, "document": 1}}, {"model": "readings.segment", "pk": 175, "fields": {"text": "\"I used to curl your hair.\"\n", "sequence": 174, "document": 1}}, {"model": "readings.segment", "pk": 176, "fields": {"text": "\"I hated your hands in my hair.\"\n", "sequence": 175, "document": 1}}, {"model": "readings.segment", "pk": 177, "fields": {"text": "The women were moving. Our faces looked mean to them of course and they looked as though they could not wait to throw themselves in front of a police car, or better yet, into my car and drag me away by my ankles. Now they surrounded my car and gently, gently began to rock it. I swayed back and forth like a sideways yo-yo. Automatically I reached for Roberta, like the old days in the orchard when they saw us watching them and we had to get out of there, and if one of us fell the other pulled her up and if one of us was caught the other stayed to kick and scratch, and neither would leave the other behind. My arm shot out of the car window but no receiving hand was there. Roberta was looking at me sway from side to side in the car and her face was still. My purse slid from the car seat down under the dashboard. The four policemen who had been drinking Tab in their car finally got the message and strolled over, forcing their way through the women. Quietly, firmly they spoke. \"Okay, ladies. Back in line or off the streets.\"\n", "sequence": 176, "document": 1}}, {"model": "readings.segment", "pk": 178, "fields": {"text": "Some of them went away willingly; others had to be urged away from the car doors and the hood. Roberta didn't move. She was looking steadily at me. I was fumbling to turn on the ignition, which wouldn't catch because the gearshift was still in drive. The seats of the car were a mess because the swaying had thrown my grocery coupons all over it and my purse was sprawled on the floor.\n", "sequence": 177, "document": 1}}, {"model": "readings.segment", "pk": 179, "fields": {"text": "\"Maybe I am different now, Twyla. But you're not. You're the same little state kid who kicked a poor old black lady when she was down on the ground. You kicked a black lady and you have the nerve to call me a bigot.\"\n", "sequence": 178, "document": 1}}, {"model": "readings.segment", "pk": 180, "fields": {"text": "The coupons were everywhere and the guts of my purse were bunched under the dashboard. What was she saying? Black? Maggie wasn't black.\n", "sequence": 179, "document": 1}}, {"model": "readings.segment", "pk": 181, "fields": {"text": "\"She wasn't black,\" I said.\n", "sequence": 180, "document": 1}}, {"model": "readings.segment", "pk": 182, "fields": {"text": "\"Like hell she wasn't, and you kicked her. We both did. You kicked a black lady who couldn't even scream.\"\n", "sequence": 181, "document": 1}}, {"model": "readings.segment", "pk": 183, "fields": {"text": "\"Liar!\"\n", "sequence": 182, "document": 1}}, {"model": "readings.segment", "pk": 184, "fields": {"text": "\"You're the liar! Why don't you just go on home and leave us alone, huh?\"\n", "sequence": 183, "document": 1}}, {"model": "readings.segment", "pk": 185, "fields": {"text": "She turned away and I skidded away from the curb.\n", "sequence": 184, "document": 1}}, {"model": "readings.segment", "pk": 186, "fields": {"text": "The next morning I went into the garage and cut the side out of the carton our portable TV had come in. It wasn't nearly big enough, but after a while I had a decent sign: red spray-painted letters on a white background\u00e2\u20ac\u201dAND SO DO CHILDREN****. I meant just to go down to the school and tack it up somewhere so those cows on the picket line across the street could see it, but when I got there, some ten or so others had already assembled\u00e2\u20ac\u201dprotesting the cows across the street. Police permits and everything. I got in line and we strutted in time on our side while Roberta's group strutted on theirs. That first day we were all dignified, pretending the other side didn't exist. The second day there was name calling and finger gestures. But that was about all. People changed signs from time to time, but Roberta never did and neither did I. Actually my sign didn't make sense without Roberta's. \"And so do children what?\" one of the women on my side asked me. Have rights, I said, as though it was obvious.\n", "sequence": 185, "document": 1}}, {"model": "readings.segment", "pk": 187, "fields": {"text": "Roberta didn't acknowledge my presence in any way and I got to thinking maybe she didn't know I was there. I began to pace myself in the line, jostling people one minute and lagging behind the next, so Roberta and I could reach the end of our respective lines at the same time and there would be a moment in our turn when we would face each other. Still, I couldn't tell whether she saw me and knew my sign was for her. The next day I went early before we were scheduled to assemble. I waited until she got there before I exposed my new creation. As soon as she hoisted her MOTHERS HAVE RIGHTS TOO I began to wave my new one, which said, HOW WOULD YOU KNOW? I know she saw that one, but I had gotten addicted now. My signs got crazier each day, and the women on my side decided that I was a kook. They couldn't make heads or tails out of my brilliant screaming posters.\n", "sequence": 186, "document": 1}}, {"model": "readings.segment", "pk": 188, "fields": {"text": "I brought a painted sign in queenly red with huge black letters that said, IS YOUR MOTHER WELL? Roberta took her lunch break and didn't come back for the rest of the day or any day after. Two days later I stopped going too and couldn't have been missed because nobody understood my signs anyway.\n", "sequence": 187, "document": 1}}, {"model": "readings.segment", "pk": 189, "fields": {"text": "It was a nasty six weeks. Classes were suspended and Joseph didn't go to anybody's school until October. The children\u00e2\u20ac\u201deverybody's children\u00e2\u20ac\u201dsoon got bored with that extended vacation they thought was going to be so great. They looked at TV until their eyes flattened. I spent a couple of mornings tutoring my son, as the other mothers said we should. Twice I opened a text from last year that he had never turned in. Twice he yawned in my face. Other mothers organized living room sessions so the kids would keep up. None of the kids could concentrate so they drifted back to The Price Is Right and The Brady Bunch. When the school finally opened there were fights once or twice and some sirens roared through the streets every once in a while. There were a lot of photographers from Albany. And just when ABC was about to send up a news crew, the kids settled down like nothing in the world had happened. Joseph hung my HOW WOULD YOU KNOW? sign in his bedroom. I don't know what became of AND SO DO CHILDREN****. I think my father-in-law cleaned some fish on it. He was always puttering around in our garage. Each of his five children lived in Newburgh and he acted as though he had five extra homes.\n", "sequence": 188, "document": 1}}, {"model": "readings.segment", "pk": 190, "fields": {"text": "I couldn't help looking for Roberta when Joseph graduated from high school, but I didn't see her. It didn't trouble me much what she had said to me in the car. I mean the kicking part. I know I didn't do that, I couldn't do that. But I was puzzled by her telling me Maggie was black. When I thought about it I actually couldn't be certain. She wasn't pitch-black, I knew, or I would have remembered that. What I remember was the kiddie hat, and the semicircle legs. I tried to reassure myself about the race thing for a long time until it dawned on me that the truth was already there, and Roberta knew it. I didn't kick her; I didn't join in with the gar girls and kick that lady, but I sure did want to. We watched and never tried to help her and never called for help. Maggie was my dancing mother. Deaf, I thought, and dumb. Nobody inside. Nobody who would hear you if you cried in the night. Nobody who could tell you anything important that you could use. Rocking, dancing, swaying as she walked. And when the gar girls pushed her down, and started roughhousing, I knew she wouldn't scream, couldn't\u00e2\u20ac\u201djust like me\u00e2\u20ac\u201dand I was glad about that.\n", "sequence": 189, "document": 1}}, {"model": "readings.segment", "pk": 191, "fields": {"text": "~\n", "sequence": 190, "document": 1}}, {"model": "readings.segment", "pk": 192, "fields": {"text": "We decided not to have a tree, because Christmas would be at my mother-in-law's house, so why have a tree at both places? Joseph was at SUNY New Paltz and we had to economize, we said. But at the last minute, I changed my mind. Nothing could be that bad. So I rushed around town looking for a tree, something small but wide. By the time I found a place, it was snowing and very late. I dawdled like it was the most important purchase in the world and the tree man was fed up with me. Finally I chose one and had it tied onto the trunk of the car. I drove away slowly because the sand trucks were not out yet and the streets could be murder at the beginning of a snowfall. Downtown the streets were wide and rather empty except for a cluster of people coming out of the Newburgh Hotel. The one hotel in town that wasn't built out of cardboard and Plexiglas. A party, probably. The men huddled in the snow were dressed in tails and the women had on furs. Shiny things glittered from underneath their coats. It made me tired to look at them. Tired, tired, tired. On the next corner was a small diner with loops and loops of paper bells in the window. I stopped the car and went in. Just for a cup of coffee and twenty minutes of peace before I went home and tried to finish everything before Christmas Eve.\n", "sequence": 191, "document": 1}}, {"model": "readings.segment", "pk": 193, "fields": {"text": "\"Twyla?\"\n", "sequence": 192, "document": 1}}, {"model": "readings.segment", "pk": 194, "fields": {"text": "There she was. In a silvery evening gown and dark fur coat. A man and another woman were with her, the man fumbling for change to put in the cigarette machine. The woman was humming and tapping on the counter with her fingernails. They all looked a little bit drunk.\n", "sequence": 193, "document": 1}}, {"model": "readings.segment", "pk": 195, "fields": {"text": "\"Well. It's you.\"\n", "sequence": 194, "document": 1}}, {"model": "readings.segment", "pk": 196, "fields": {"text": "\"How are you?\"\n", "sequence": 195, "document": 1}}, {"model": "readings.segment", "pk": 197, "fields": {"text": "I shrugged. \"Pretty good. Frazzled. Christmas and all.\"\n", "sequence": 196, "document": 1}}, {"model": "readings.segment", "pk": 198, "fields": {"text": "\"Regular?\" called the woman from the counter.\n", "sequence": 197, "document": 1}}, {"model": "readings.segment", "pk": 199, "fields": {"text": "\"Fine,\" Roberta called back and then, \"Wait for me in the car.\"\n", "sequence": 198, "document": 1}}, {"model": "readings.segment", "pk": 200, "fields": {"text": "She slipped into the booth beside me. \"I have to tell you something, Twyla. I made up my mind if I ever saw you again, I'd tell you.\"\n", "sequence": 199, "document": 1}}, {"model": "readings.segment", "pk": 201, "fields": {"text": "\"I'd just as soon not hear anything, Roberta. It doesn't matter now, anyway.\"\n", "sequence": 200, "document": 1}}, {"model": "readings.segment", "pk": 202, "fields": {"text": "\"No,\" she said. \"Not about that.\"\n", "sequence": 201, "document": 1}}, {"model": "readings.segment", "pk": 203, "fields": {"text": "\"Don't be long,\" said the woman. She carried two regulars to go and the man peeled his cigarette pack as they left.\n", "sequence": 202, "document": 1}}, {"model": "readings.segment", "pk": 204, "fields": {"text": "\"It's about St. Bonny's and Maggie.\"\n", "sequence": 203, "document": 1}}, {"model": "readings.segment", "pk": 205, "fields": {"text": "\"Oh, please.\"\n", "sequence": 204, "document": 1}}, {"model": "readings.segment", "pk": 206, "fields": {"text": "\"Listen to me. I really did think she was black. I didn't make that up. I really thought so. But now I can't be sure. I just remember her as old, so old. And because she couldn't talk\u00e2\u20ac\u201dwell, you know, I thought she was crazy. She'd been brought up in an institution like my mother was and like I thought I would be too. And you were right. We didn't kick her. It was the gar girls. Only them. But, well, I wanted to. I really wanted them to hurt her. I said we did it, too. You and me, but that's not true. And I don't want you to carry that around. It was just that I wanted to do it so bad that day\u00e2\u20ac\u201dwanting to is doing it.\"\n", "sequence": 205, "document": 1}}, {"model": "readings.segment", "pk": 207, "fields": {"text": "Her eyes were watery from the drinks she'd had, I guess. I know it's that way with me. One glass of wine and I start bawling over the littlest thing.\n", "sequence": 206, "document": 1}}, {"model": "readings.segment", "pk": 208, "fields": {"text": "\"We were kids, Roberta.\"\n", "sequence": 207, "document": 1}}, {"model": "readings.segment", "pk": 209, "fields": {"text": "\"Yeah. Yeah. I know, just kids.\"\n", "sequence": 208, "document": 1}}, {"model": "readings.segment", "pk": 210, "fields": {"text": "\"Eight.\"\n", "sequence": 209, "document": 1}}, {"model": "readings.segment", "pk": 211, "fields": {"text": "\"Eight.\"\n", "sequence": 210, "document": 1}}, {"model": "readings.segment", "pk": 212, "fields": {"text": "\"And lonely.\"\n", "sequence": 211, "document": 1}}, {"model": "readings.segment", "pk": 213, "fields": {"text": "\"Scared, too.\"\n", "sequence": 212, "document": 1}}, {"model": "readings.segment", "pk": 214, "fields": {"text": "She wiped her cheeks with the heel of her hand and smiled. \"Well that's all I wanted to say.\"\n", "sequence": 213, "document": 1}}, {"model": "readings.segment", "pk": 215, "fields": {"text": "I nodded and couldn't think of any way to fill the silence that went from the diner past the paper bells on out into the snow. It was heavy now. I thought I'd better wait for the sand trucks before starting home.\n", "sequence": 214, "document": 1}}, {"model": "readings.segment", "pk": 216, "fields": {"text": "\"Thanks, Roberta.\"\n", "sequence": 215, "document": 1}}, {"model": "readings.segment", "pk": 217, "fields": {"text": "\"Sure.\"\n", "sequence": 216, "document": 1}}, {"model": "readings.segment", "pk": 218, "fields": {"text": "\"Did I tell you? My mother, she never did stop dancing.\"\n", "sequence": 217, "document": 1}}, {"model": "readings.segment", "pk": 219, "fields": {"text": "\"Yes. You told me. And mine, she never got well.\" Roberta lifted her hands from the tabletop and covered her face with her palms. When she took them away she really was crying. \"Oh shit, Twyla. Shit, shit, shit. What the hell happened to Maggie?\"\n", "sequence": 218, "document": 1}}, {"model": "readings.student", "pk": 15, "fields": {"name": ""}}, {"model": "readings.student", "pk": 16, "fields": {"name": ""}}, {"model": "readings.student", "pk": 17, "fields": {"name": ""}}, {"model": "readings.student", "pk": 18, "fields": {"name": ""}}, {"model": "readings.student", "pk": 19, "fields": {"name": ""}}, {"model": "readings.student", "pk": 20, "fields": {"name": ""}}, {"model": "readings.student", "pk": 21, "fields": {"name": ""}}, {"model": "readings.student", "pk": 22, "fields": {"name": ""}}, {"model": "readings.student", "pk": 23, "fields": {"name": ""}}, {"model": "readings.student", "pk": 24, "fields": {"name": ""}}, {"model": "readings.student", "pk": 25, "fields": {"name": ""}}, {"model": "readings.student", "pk": 26, "fields": {"name": ""}}, {"model": "readings.student", "pk": 27, "fields": {"name": ""}}, {"model": "readings.student", "pk": 28, "fields": {"name": ""}}, {"model": "readings.student", "pk": 29, "fields": {"name": ""}}, {"model": "readings.student", "pk": 30, "fields": {"name": ""}}, {"model": "readings.student", "pk": 31, "fields": {"name": ""}}, {"model": "readings.student", "pk": 32, "fields": {"name": ""}}, {"model": "readings.student", "pk": 33, "fields": {"name": ""}}, {"model": "readings.student", "pk": 34, "fields": {"name": ""}}, {"model": "readings.student", "pk": 35, "fields": {"name": ""}}, {"model": "readings.student", "pk": 36, "fields": {"name": ""}}, {"model": "readings.student", "pk": 37, "fields": {"name": ""}}, {"model": "readings.student", "pk": 38, "fields": {"name": ""}}, {"model": "readings.student", "pk": 39, "fields": {"name": ""}}, {"model": "readings.student", "pk": 40, "fields": {"name": ""}}, {"model": "readings.student", "pk": 41, "fields": {"name": ""}}, {"model": "readings.student", "pk": 42, "fields": {"name": ""}}, {"model": "readings.student", "pk": 43, "fields": {"name": ""}}, {"model": "readings.student", "pk": 44, "fields": {"name": ""}}, {"model": "readings.storyprototype", "pk": 1, "fields": {"story_text": "For sale: baby shoes; never worn."}}, {"model": "readings.contextprototype", "pk": 1, "fields": {"text": "This is an ad.", "story": 1}}, {"model": "readings.contextprototype", "pk": 2, "fields": {"text": "This is actually a short story.", "story": 1}}, {"model": "readings.questionprototype", "pk": 1, "fields": {"text": "In one word, how does this text make you feel?", "word_limit": 1, "story": 1}}, {"model": "readings.questionprototype", "pk": 2, "fields": {"text": "In three words or fewer, what is this text about?", "word_limit": 3, "story": 1}}, {"model": "readings.questionprototype", "pk": 3, "fields": {"text": "Have you encountered this text before?", "word_limit": 1, "story": 1}}, {"model": "readings.studentresponseprototype", "pk": 59, "fields": {"question": 1, "context": 1, "response": "Sad", "views": "[2.319]", "scroll_ups": 0, "student": 15}}, {"model": "readings.studentresponseprototype", "pk": 60, "fields": {"question": 2, "context": 1, "response": "Miscarriage", "views": "[2.945]", "scroll_ups": 0, "student": 15}}, {"model": "readings.studentresponseprototype", "pk": 61, "fields": {"question": 3, "context": 1, "response": "No", "views": "[]", "scroll_ups": 0, "student": 15}}, {"model": "readings.studentresponseprototype", "pk": 62, "fields": {"question": 1, "context": 2, "response": "Sad", "views": "[1.121]", "scroll_ups": 0, "student": 15}}, {"model": "readings.studentresponseprototype", "pk": 63, "fields": {"question": 2, "context": 2, "response": "Miscarriage", "views": "[]", "scroll_ups": 0, "student": 15}}, {"model": "readings.studentresponseprototype", "pk": 64, "fields": {"question": 3, "context": 2, "response": "Yes", "views": "[]", "scroll_ups": 0, "student": 15}}, {"model": "readings.studentresponseprototype", "pk": 65, "fields": {"question": 1, "context": 1, "response": "Targeted", "views": "[3.194,3.101]", "scroll_ups": 0, "student": 16}}, {"model": "readings.studentresponseprototype", "pk": 66, "fields": {"question": 2, "context": 1, "response": "New baby shoes", "views": "[]", "scroll_ups": 0, "student": 16}}, {"model": "readings.studentresponseprototype", "pk": 67, "fields": {"question": 3, "context": 1, "response": "Yes", "views": "[]", "scroll_ups": 0, "student": 16}}, {"model": "readings.studentresponseprototype", "pk": 68, "fields": {"question": 1, "context": 2, "response": "Enticed", "views": "[1.073]", "scroll_ups": 0, "student": 16}}, {"model": "readings.studentresponseprototype", "pk": 69, "fields": {"question": 2, "context": 2, "response": "Baby shoes", "views": "[]", "scroll_ups": 0, "student": 16}}, {"model": "readings.studentresponseprototype", "pk": 70, "fields": {"question": 3, "context": 2, "response": "Yes", "views": "[]", "scroll_ups": 0, "student": 16}}, {"model": "readings.studentresponseprototype", "pk": 71, "fields": {"question": 1, "context": 1, "response": "Confused", "views": "[2.8,1.174,1.021,0.414,1.817]", "scroll_ups": 0, "student": 17}}, {"model": "readings.studentresponseprototype", "pk": 72, "fields": {"question": 2, "context": 1, "response": "Baby shoes", "views": "[3.807]", "scroll_ups": 0, "student": 17}}, {"model": "readings.studentresponseprototype", "pk": 73, "fields": {"question": 3, "context": 1, "response": "No", "views": "[]", "scroll_ups": 0, "student": 17}}, {"model": "readings.studentresponseprototype", "pk": 74, "fields": {"question": 1, "context": 2, "response": "Ok", "views": "[1.149]", "scroll_ups": 0, "student": 17}}, {"model": "readings.studentresponseprototype", "pk": 75, "fields": {"question": 2, "context": 2, "response": "S", "views": "[]", "scroll_ups": 0, "student": 17}}, {"model": "readings.studentresponseprototype", "pk": 76, "fields": {"question": 3, "context": 2, "response": "Yes", "views": "[]", "scroll_ups": 0, "student": 17}}, {"model": "readings.studentresponseprototype", "pk": 77, "fields": {"question": 1, "context": 1, "response": "Bored", "views": "[2.426]", "scroll_ups": 0, "student": 18}}, {"model": "readings.studentresponseprototype", "pk": 78, "fields": {"question": 2, "context": 1, "response": "Something for sale", "views": "[]", "scroll_ups": 0, "student": 18}}, {"model": "readings.studentresponseprototype", "pk": 79, "fields": {"question": 3, "context": 1, "response": "No", "views": "[]", "scroll_ups": 0, "student": 18}}, {"model": "readings.studentresponseprototype", "pk": 80, "fields": {"question": 1, "context": 2, "response": "Sad", "views": "[3.532]", "scroll_ups": 0, "student": 18}}, {"model": "readings.studentresponseprototype", "pk": 81, "fields": {"question": 2, "context": 2, "response": "Miscarriage", "views": "[]", "scroll_ups": 0, "student": 18}}, {"model": "readings.studentresponseprototype", "pk": 82, "fields": {"question": 3, "context": 2, "response": "Yes", "views": "[]", "scroll_ups": 0, "student": 18}}, {"model": "readings.studentresponseprototype", "pk": 83, "fields": {"question": 1, "context": 1, "response": "Informed", "views": "[2.514,4.221]", "scroll_ups": 0, "student": 19}}, {"model": "readings.studentresponseprototype", "pk": 84, "fields": {"question": 2, "context": 1, "response": "Selling baby shoes", "views": "[]", "scroll_ups": 0, "student": 19}}, {"model": "readings.studentresponseprototype", "pk": 85, "fields": {"question": 3, "context": 1, "response": "No", "views": "[]", "scroll_ups": 0, "student": 19}}, {"model": "readings.studentresponseprototype", "pk": 86, "fields": {"question": 1, "context": 2, "response": "Inyrigu", "views": "[2.375]", "scroll_ups": 0, "student": 19}}, {"model": "readings.studentresponseprototype", "pk": 87, "fields": {"question": 2, "context": 2, "response": "Unworn baby shoes", "views": "[0.966]", "scroll_ups": 0, "student": 19}}, {"model": "readings.studentresponseprototype", "pk": 88, "fields": {"question": 3, "context": 2, "response": "Yes", "views": "[]", "scroll_ups": 0, "student": 19}}, {"model": "readings.studentresponseprototype", "pk": 89, "fields": {"question": 1, "context": 1, "response": "Annoyed", "views": "[0.542]", "scroll_ups": 0, "student": 20}}, {"model": "readings.studentresponseprototype", "pk": 90, "fields": {"question": 2, "context": 1, "response": "Advertisement", "views": "[]", "scroll_ups": 0, "student": 20}}, {"model": "readings.studentresponseprototype", "pk": 91, "fields": {"question": 3, "context": 1, "response": "No", "views": "[]", "scroll_ups": 0, "student": 20}}, {"model": "readings.studentresponseprototype", "pk": 92, "fields": {"question": 1, "context": 2, "response": "Interested", "views": "[0.867]", "scroll_ups": 0, "student": 20}}, {"model": "readings.studentresponseprototype", "pk": 93, "fields": {"question": 2, "context": 2, "response": "A story", "views": "[]", "scroll_ups": 0, "student": 20}}, {"model": "readings.studentresponseprototype", "pk": 94, "fields": {"question": 3, "context": 2, "response": "Yes", "views": "[]", "scroll_ups": 0, "student": 20}}, {"model": "readings.studentresponseprototype", "pk": 95, "fields": {"question": 1, "context": 1, "response": "Informed", "views": "[3.297,1.528,0.616]", "scroll_ups": 0, "student": 21}}, {"model": "readings.studentresponseprototype", "pk": 96, "fields": {"question": 2, "context": 1, "response": "New baby shoes", "views": "[]", "scroll_ups": 0, "student": 21}}, {"model": "readings.studentresponseprototype", "pk": 97, "fields": {"question": 3, "context": 1, "response": "No", "views": "[]", "scroll_ups": 0, "student": 21}}, {"model": "readings.studentresponseprototype", "pk": 98, "fields": {"question": 1, "context": 2, "response": "Somber", "views": "[2.033,6.101]", "scroll_ups": 0, "student": 21}}, {"model": "readings.studentresponseprototype", "pk": 99, "fields": {"question": 2, "context": 2, "response": "Failed pregnancy", "views": "[]", "scroll_ups": 0, "student": 21}}, {"model": "readings.studentresponseprototype", "pk": 100, "fields": {"question": 3, "context": 2, "response": "No", "views": "[]", "scroll_ups": 0, "student": 21}}, {"model": "readings.studentresponseprototype", "pk": 101, "fields": {"question": 1, "context": 1, "response": "weird", "views": "[4.112,4.634]", "scroll_ups": 0, "student": 22}}, {"model": "readings.studentresponseprototype", "pk": 102, "fields": {"question": 2, "context": 1, "response": "baby shoe ad", "views": "[]", "scroll_ups": 0, "student": 22}}, {"model": "readings.studentresponseprototype", "pk": 103, "fields": {"question": 3, "context": 1, "response": "yes", "views": "[]", "scroll_ups": 0, "student": 22}}, {"model": "readings.studentresponseprototype", "pk": 104, "fields": {"question": 1, "context": 2, "response": "mysterious", "views": "[1.971,9.891]", "scroll_ups": 0, "student": 22}}, {"model": "readings.studentresponseprototype", "pk": 105, "fields": {"question": 2, "context": 2, "response": "unworn shoes", "views": "[]", "scroll_ups": 0, "student": 22}}, {"model": "readings.studentresponseprototype", "pk": 106, "fields": {"question": 3, "context": 2, "response": "yes", "views": "[]", "scroll_ups": 0, "student": 22}}, {"model": "readings.studentresponseprototype", "pk": 107, "fields": {"question": 1, "context": 1, "response": "Comfortable", "views": "[7.376,3.039,5.068]", "scroll_ups": 0, "student": 23}}, {"model": "readings.studentresponseprototype", "pk": 108, "fields": {"question": 2, "context": 1, "response": "Shoes on sale", "views": "[]", "scroll_ups": 0, "student": 23}}, {"model": "readings.studentresponseprototype", "pk": 109, "fields": {"question": 3, "context": 1, "response": "No", "views": "[]", "scroll_ups": 0, "student": 23}}, {"model": "readings.studentresponseprototype", "pk": 110, "fields": {"question": 1, "context": 2, "response": "Surprised", "views": "[2.405]", "scroll_ups": 0, "student": 23}}, {"model": "readings.studentresponseprototype", "pk": 111, "fields": {"question": 2, "context": 2, "response": "A short story", "views": "[]", "scroll_ups": 0, "student": 23}}, {"model": "readings.studentresponseprototype", "pk": 112, "fields": {"question": 3, "context": 2, "response": "No", "views": "[]", "scroll_ups": 0, "student": 23}}, {"model": "readings.studentresponseprototype", "pk": 113, "fields": {"question": 1, "context": 1, "response": "fine", "views": "[2.674]", "scroll_ups": 0, "student": 24}}, {"model": "readings.studentresponseprototype", "pk": 114, "fields": {"question": 2, "context": 1, "response": "selling baby shoes", "views": "[]", "scroll_ups": 0, "student": 24}}, {"model": "readings.studentresponseprototype", "pk": 115, "fields": {"question": 3, "context": 1, "response": "no", "views": "[]", "scroll_ups": 0, "student": 24}}, {"model": "readings.studentresponseprototype", "pk": 116, "fields": {"question": 1, "context": 2, "response": "sad", "views": "[1.898]", "scroll_ups": 0, "student": 24}}, {"model": "readings.studentresponseprototype", "pk": 117, "fields": {"question": 2, "context": 2, "response": "an unexpected death", "views": "[]", "scroll_ups": 0, "student": 24}}, {"model": "readings.studentresponseprototype", "pk": 118, "fields": {"question": 3, "context": 2, "response": "yes", "views": "[]", "scroll_ups": 0, "student": 24}}, {"model": "readings.studentresponseprototype", "pk": 119, "fields": {"question": 1, "context": 1, "response": "Melancholic", "views": "[2.54]", "scroll_ups": 0, "student": 25}}, {"model": "readings.studentresponseprototype", "pk": 120, "fields": {"question": 2, "context": 1, "response": "A lost child", "views": "[]", "scroll_ups": 0, "student": 25}}, {"model": "readings.studentresponseprototype", "pk": 121, "fields": {"question": 3, "context": 1, "response": "Yes", "views": "[]", "scroll_ups": 0, "student": 25}}, {"model": "readings.studentresponseprototype", "pk": 122, "fields": {"question": 1, "context": 2, "response": "Curious", "views": "[1.347,1.057,1.376,0.916]", "scroll_ups": 0, "student": 25}}, {"model": "readings.studentresponseprototype", "pk": 123, "fields": {"question": 2, "context": 2, "response": "A child passed.", "views": "[]", "scroll_ups": 0, "student": 25}}, {"model": "readings.studentresponseprototype", "pk": 124, "fields": {"question": 3, "context": 2, "response": "Yes", "views": "[]", "scroll_ups": 0, "student": 25}}, {"model": "readings.studentresponseprototype", "pk": 125, "fields": {"question": 1, "context": 1, "response": "Sad", "views": "[3.697]", "scroll_ups": 0, "student": 26}}, {"model": "readings.studentresponseprototype", "pk": 126, "fields": {"question": 2, "context": 1, "response": "Story", "views": "[]", "scroll_ups": 0, "student": 26}}, {"model": "readings.studentresponseprototype", "pk": 127, "fields": {"question": 3, "context": 1, "response": "Yes", "views": "[]", "scroll_ups": 0, "student": 26}}, {"model": "readings.studentresponseprototype", "pk": 128, "fields": {"question": 1, "context": 2, "response": "Sad", "views": "[1.356]", "scroll_ups": 0, "student": 26}}, {"model": "readings.studentresponseprototype", "pk": 129, "fields": {"question": 2, "context": 2, "response": "Story", "views": "[]", "scroll_ups": 0, "student": 26}}, {"model": "readings.studentresponseprototype", "pk": 130, "fields": {"question": 3, "context": 2, "response": "Yes", "views": "[]", "scroll_ups": 0, "student": 26}}, {"model": "readings.studentresponseprototype", "pk": 131, "fields": {"question": 1, "context": 1, "response": "melancholy", "views": "[3.007,1.865,1.953]", "scroll_ups": 0, "student": 27}}, {"model": "readings.studentresponseprototype", "pk": 132, "fields": {"question": 2, "context": 1, "response": "Giving up hope", "views": "[]", "scroll_ups": 0, "student": 27}}, {"model": "readings.studentresponseprototype", "pk": 133, "fields": {"question": 3, "context": 1, "response": "Yes", "views": "[]", "scroll_ups": 0, "student": 27}}, {"model": "readings.studentresponseprototype", "pk": 134, "fields": {"question": 1, "context": 2, "response": "Sad", "views": "[1.03,0.816]", "scroll_ups": 0, "student": 27}}, {"model": "readings.studentresponseprototype", "pk": 135, "fields": {"question": 2, "context": 2, "response": "losing a child", "views": "[]", "scroll_ups": 0, "student": 27}}, {"model": "readings.studentresponseprototype", "pk": 136, "fields": {"question": 3, "context": 2, "response": "Yes", "views": "[]", "scroll_ups": 0, "student": 27}}, {"model": "readings.studentresponseprototype", "pk": 137, "fields": {"question": 1, "context": 1, "response": "sad", "views": "[5.768,3.701]", "scroll_ups": 0, "student": 28}}, {"model": "readings.studentresponseprototype", "pk": 138, "fields": {"question": 2, "context": 1, "response": "an infant's death", "views": "[]", "scroll_ups": 0, "student": 28}}, {"model": "readings.studentresponseprototype", "pk": 139, "fields": {"question": 3, "context": 1, "response": "yes", "views": "[]", "scroll_ups": 0, "student": 28}}, {"model": "readings.studentresponseprototype", "pk": 140, "fields": {"question": 1, "context": 2, "response": "sad", "views": "[1.011]", "scroll_ups": 0, "student": 28}}, {"model": "readings.studentresponseprototype", "pk": 141, "fields": {"question": 2, "context": 2, "response": "an infant's death", "views": "[]", "scroll_ups": 0, "student": 28}}, {"model": "readings.studentresponseprototype", "pk": 142, "fields": {"question": 3, "context": 2, "response": "yes", "views": "[]", "scroll_ups": 0, "student": 28}}, {"model": "readings.studentresponseprototype", "pk": 143, "fields": {"question": 1, "context": 1, "response": "concerned", "views": "[4.581,2.398]", "scroll_ups": 0, "student": 29}}, {"model": "readings.studentresponseprototype", "pk": 144, "fields": {"question": 2, "context": 1, "response": "interested", "views": "[0.905]", "scroll_ups": 0, "student": 29}}, {"model": "readings.studentresponseprototype", "pk": 145, "fields": {"question": 3, "context": 1, "response": "no", "views": "[]", "scroll_ups": 0, "student": 29}}, {"model": "readings.studentresponseprototype", "pk": 146, "fields": {"question": 1, "context": 2, "response": "interested", "views": "[1.015]", "scroll_ups": 0, "student": 29}}, {"model": "readings.studentresponseprototype", "pk": 147, "fields": {"question": 2, "context": 2, "response": "shoes on sale", "views": "[]", "scroll_ups": 0, "student": 29}}, {"model": "readings.studentresponseprototype", "pk": 148, "fields": {"question": 3, "context": 2, "response": "no", "views": "[]", "scroll_ups": 0, "student": 29}}, {"model": "readings.studentresponseprototype", "pk": 149, "fields": {"question": 1, "context": 1, "response": "suspicious", "views": "[1.861]", "scroll_ups": 0, "student": 30}}, {"model": "readings.studentresponseprototype", "pk": 150, "fields": {"question": 2, "context": 1, "response": "advertising grief", "views": "[]", "scroll_ups": 0, "student": 30}}, {"model": "readings.studentresponseprototype", "pk": 151, "fields": {"question": 3, "context": 1, "response": "Yes", "views": "[]", "scroll_ups": 0, "student": 30}}, {"model": "readings.studentresponseprototype", "pk": 152, "fields": {"question": 1, "context": 2, "response": "concerned", "views": "[1.355]", "scroll_ups": 0, "student": 30}}, {"model": "readings.studentresponseprototype", "pk": 153, "fields": {"question": 2, "context": 2, "response": "sad short story", "views": "[]", "scroll_ups": 0, "student": 30}}, {"model": "readings.studentresponseprototype", "pk": 154, "fields": {"question": 3, "context": 2, "response": "Yes", "views": "[]", "scroll_ups": 0, "student": 30}}, {"model": "readings.studentresponseprototype", "pk": 155, "fields": {"question": 1, "context": 1, "response": "Uncomfortable", "views": "[3.947,5.175]", "scroll_ups": 0, "student": 31}}, {"model": "readings.studentresponseprototype", "pk": 156, "fields": {"question": 2, "context": 1, "response": "Selling baby shoes", "views": "[1.604,1.196]", "scroll_ups": 0, "student": 31}}, {"model": "readings.studentresponseprototype", "pk": 157, "fields": {"question": 3, "context": 1, "response": "Yea", "views": "[]", "scroll_ups": 0, "student": 31}}, {"model": "readings.studentresponseprototype", "pk": 158, "fields": {"question": 1, "context": 2, "response": "Interested", "views": "[2.017,7.446]", "scroll_ups": 0, "student": 31}}, {"model": "readings.studentresponseprototype", "pk": 159, "fields": {"question": 2, "context": 2, "response": "Unborn baby", "views": "[]", "scroll_ups": 0, "student": 31}}, {"model": "readings.studentresponseprototype", "pk": 160, "fields": {"question": 3, "context": 2, "response": "Yea", "views": "[]", "scroll_ups": 0, "student": 31}}, {"model": "readings.studentresponseprototype", "pk": 161, "fields": {"question": 1, "context": 1, "response": "Speculative", "views": "[6.218]", "scroll_ups": 0, "student": 32}}, {"model": "readings.studentresponseprototype", "pk": 162, "fields": {"question": 2, "context": 1, "response": "Asking me something", "views": "[]", "scroll_ups": 0, "student": 32}}, {"model": "readings.studentresponseprototype", "pk": 163, "fields": {"question": 3, "context": 1, "response": "No", "views": "[]", "scroll_ups": 0, "student": 32}}, {"model": "readings.studentresponseprototype", "pk": 164, "fields": {"question": 1, "context": 2, "response": "Helped", "views": "[3.544]", "scroll_ups": 0, "student": 32}}, {"model": "readings.studentresponseprototype", "pk": 165, "fields": {"question": 2, "context": 2, "response": "Clarifying something ominous", "views": "[]", "scroll_ups": 0, "student": 32}}, {"model": "readings.studentresponseprototype", "pk": 166, "fields": {"question": 3, "context": 2, "response": "No", "views": "[]", "scroll_ups": 0, "student": 32}}, {"model": "readings.studentresponseprototype", "pk": 167, "fields": {"question": 1, "context": 1, "response": "Confused", "views": "[3.772,0.933,1.053]", "scroll_ups": 0, "student": 33}}, {"model": "readings.studentresponseprototype", "pk": 168, "fields": {"question": 2, "context": 1, "response": "Ad for shoes", "views": "[0.633]", "scroll_ups": 0, "student": 33}}, {"model": "readings.studentresponseprototype", "pk": 169, "fields": {"question": 3, "context": 1, "response": "No", "views": "[]", "scroll_ups": 0, "student": 33}}, {"model": "readings.studentresponseprototype", "pk": 170, "fields": {"question": 1, "context": 2, "response": "Underwhelmed", "views": "[1.87,3.377]", "scroll_ups": 0, "student": 33}}, {"model": "readings.studentresponseprototype", "pk": 171, "fields": {"question": 2, "context": 2, "response": "Shoes for sale", "views": "[]", "scroll_ups": 0, "student": 33}}, {"model": "readings.studentresponseprototype", "pk": 172, "fields": {"question": 3, "context": 2, "response": "Yes", "views": "[]", "scroll_ups": 0, "student": 33}}, {"model": "readings.studentresponseprototype", "pk": 173, "fields": {"question": 1, "context": 1, "response": "curious", "views": "[29.153,0.884,1.95]", "scroll_ups": 0, "student": 34}}, {"model": "readings.studentresponseprototype", "pk": 174, "fields": {"question": 2, "context": 1, "response": "selling baby shoes", "views": "[]", "scroll_ups": 0, "student": 34}}, {"model": "readings.studentresponseprototype", "pk": 175, "fields": {"question": 3, "context": 1, "response": "yes", "views": "[]", "scroll_ups": 0, "student": 34}}, {"model": "readings.studentresponseprototype", "pk": 176, "fields": {"question": 1, "context": 2, "response": "sad", "views": "[3.358]", "scroll_ups": 0, "student": 34}}, {"model": "readings.studentresponseprototype", "pk": 177, "fields": {"question": 2, "context": 2, "response": "a dead child", "views": "[]", "scroll_ups": 0, "student": 34}}, {"model": "readings.studentresponseprototype", "pk": 178, "fields": {"question": 3, "context": 2, "response": "Yes", "views": "[]", "scroll_ups": 0, "student": 34}}, {"model": "readings.studentresponseprototype", "pk": 179, "fields": {"question": 1, "context": 1, "response": "disappointed", "views": "[8.009,4.151,3.934,1.368]", "scroll_ups": 0, "student": 35}}, {"model": "readings.studentresponseprototype", "pk": 180, "fields": {"question": 2, "context": 1, "response": "Advertisements manipulating emotions.", "views": "[1.185]", "scroll_ups": 0, "student": 35}}, {"model": "readings.studentresponseprototype", "pk": 181, "fields": {"question": 3, "context": 1, "response": "yes", "views": "[2.22,1.332]", "scroll_ups": 0, "student": 35}}, {"model": "readings.studentresponseprototype", "pk": 182, "fields": {"question": 1, "context": 2, "response": "Melancholy", "views": "[0.93,1.433]", "scroll_ups": 0, "student": 35}}, {"model": "readings.studentresponseprototype", "pk": 183, "fields": {"question": 2, "context": 2, "response": "Disappointment and grief", "views": "[]", "scroll_ups": 0, "student": 35}}, {"model": "readings.studentresponseprototype", "pk": 184, "fields": {"question": 3, "context": 2, "response": "yes", "views": "[]", "scroll_ups": 0, "student": 35}}, {"model": "readings.studentresponseprototype", "pk": 185, "fields": {"question": 1, "context": 1, "response": "Depressed", "views": "[0.615]", "scroll_ups": 0, "student": 36}}, {"model": "readings.studentresponseprototype", "pk": 186, "fields": {"question": 2, "context": 1, "response": "Deceased babies", "views": "[]", "scroll_ups": 0, "student": 36}}, {"model": "readings.studentresponseprototype", "pk": 187, "fields": {"question": 3, "context": 1, "response": "Yes", "views": "[]", "scroll_ups": 0, "student": 36}}, {"model": "readings.studentresponseprototype", "pk": 188, "fields": {"question": 1, "context": 2, "response": "Depressed", "views": "[1.006]", "scroll_ups": 0, "student": 36}}, {"model": "readings.studentresponseprototype", "pk": 189, "fields": {"question": 2, "context": 2, "response": "Deceased babies", "views": "[]", "scroll_ups": 0, "student": 36}}, {"model": "readings.studentresponseprototype", "pk": 190, "fields": {"question": 3, "context": 2, "response": "Yes", "views": "[]", "scroll_ups": 0, "student": 36}}, {"model": "readings.studentresponseprototype", "pk": 191, "fields": {"question": 1, "context": 1, "response": "indifferent", "views": "[3.368,0.75]", "scroll_ups": 0, "student": 37}}, {"model": "readings.studentresponseprototype", "pk": 192, "fields": {"question": 2, "context": 1, "response": "shoes for sale", "views": "[]", "scroll_ups": 0, "student": 37}}, {"model": "readings.studentresponseprototype", "pk": 193, "fields": {"question": 3, "context": 1, "response": "yes", "views": "[]", "scroll_ups": 0, "student": 37}}, {"model": "readings.studentresponseprototype", "pk": 194, "fields": {"question": 1, "context": 2, "response": "sad", "views": "[0.932]", "scroll_ups": 0, "student": 37}}, {"model": "readings.studentresponseprototype", "pk": 195, "fields": {"question": 2, "context": 2, "response": "dead babies", "views": "[]", "scroll_ups": 0, "student": 37}}, {"model": "readings.studentresponseprototype", "pk": 196, "fields": {"question": 3, "context": 2, "response": "yes", "views": "[]", "scroll_ups": 0, "student": 37}}, {"model": "readings.studentresponseprototype", "pk": 197, "fields": {"question": 1, "context": 1, "response": "fine", "views": "[6.632,6.515]", "scroll_ups": 0, "student": 38}}, {"model": "readings.studentresponseprototype", "pk": 198, "fields": {"question": 2, "context": 1, "response": "selling shoes", "views": "[]", "scroll_ups": 0, "student": 38}}, {"model": "readings.studentresponseprototype", "pk": 199, "fields": {"question": 3, "context": 1, "response": "yes", "views": "[]", "scroll_ups": 0, "student": 38}}, {"model": "readings.studentresponseprototype", "pk": 200, "fields": {"question": 1, "context": 2, "response": "sad", "views": "[1.83]", "scroll_ups": 0, "student": 38}}, {"model": "readings.studentresponseprototype", "pk": 201, "fields": {"question": 2, "context": 2, "response": "a baby died", "views": "[]", "scroll_ups": 0, "student": 38}}, {"model": "readings.studentresponseprototype", "pk": 202, "fields": {"question": 3, "context": 2, "response": "yes", "views": "[]", "scroll_ups": 0, "student": 38}}, {"model": "readings.studentresponseprototype", "pk": 203, "fields": {"question": 1, "context": 1, "response": "Neutral", "views": "[6.471,2.005]", "scroll_ups": 0, "student": 39}}, {"model": "readings.studentresponseprototype", "pk": 204, "fields": {"question": 2, "context": 1, "response": "Resold consumer goods", "views": "[]", "scroll_ups": 0, "student": 39}}, {"model": "readings.studentresponseprototype", "pk": 205, "fields": {"question": 3, "context": 1, "response": "Yes", "views": "[]", "scroll_ups": 0, "student": 39}}, {"model": "readings.studentresponseprototype", "pk": 206, "fields": {"question": 1, "context": 2, "response": "Sad/curious", "views": "[1.04]", "scroll_ups": 0, "student": 39}}, {"model": "readings.studentresponseprototype", "pk": 207, "fields": {"question": 2, "context": 2, "response": "Infant mortality", "views": "[]", "scroll_ups": 0, "student": 39}}, {"model": "readings.studentresponseprototype", "pk": 208, "fields": {"question": 3, "context": 2, "response": "Yes", "views": "[]", "scroll_ups": 0, "student": 39}}, {"model": "readings.studentresponseprototype", "pk": 209, "fields": {"question": 1, "context": 1, "response": "confused", "views": "[5.14]", "scroll_ups": 0, "student": 40}}, {"model": "readings.studentresponseprototype", "pk": 210, "fields": {"question": 2, "context": 1, "response": "advertising baby shoes", "views": "[1.892]", "scroll_ups": 0, "student": 40}}, {"model": "readings.studentresponseprototype", "pk": 211, "fields": {"question": 3, "context": 1, "response": "no", "views": "[]", "scroll_ups": 0, "student": 40}}, {"model": "readings.studentresponseprototype", "pk": 212, "fields": {"question": 1, "context": 2, "response": "intrigued", "views": "[2.457]", "scroll_ups": 0, "student": 40}}, {"model": "readings.studentresponseprototype", "pk": 213, "fields": {"question": 2, "context": 2, "response": "someone selling shoes", "views": "[]", "scroll_ups": 0, "student": 40}}, {"model": "readings.studentresponseprototype", "pk": 214, "fields": {"question": 3, "context": 2, "response": "yes", "views": "[]", "scroll_ups": 0, "student": 40}}, {"model": "readings.studentresponseprototype", "pk": 215, "fields": {"question": 1, "context": 1, "response": "Sad", "views": "[4.876,2.4]", "scroll_ups": 0, "student": 41}}, {"model": "readings.studentresponseprototype", "pk": 216, "fields": {"question": 2, "context": 1, "response": "Loss", "views": "[]", "scroll_ups": 0, "student": 41}}, {"model": "readings.studentresponseprototype", "pk": 217, "fields": {"question": 3, "context": 1, "response": "Yes", "views": "[]", "scroll_ups": 0, "student": 41}}, {"model": "readings.studentresponseprototype", "pk": 218, "fields": {"question": 1, "context": 2, "response": "Sadder", "views": "[5.854,0.969]", "scroll_ups": 0, "student": 41}}, {"model": "readings.studentresponseprototype", "pk": 219, "fields": {"question": 2, "context": 2, "response": "Unfortunate events", "views": "[]", "scroll_ups": 0, "student": 41}}, {"model": "readings.studentresponseprototype", "pk": 220, "fields": {"question": 3, "context": 2, "response": "Yes", "views": "[]", "scroll_ups": 0, "student": 41}}, {"model": "readings.studentresponseprototype", "pk": 221, "fields": {"question": 1, "context": 1, "response": "annoyed", "views": "[16.525]", "scroll_ups": 0, "student": 42}}, {"model": "readings.studentresponseprototype", "pk": 222, "fields": {"question": 2, "context": 1, "response": "nonsense", "views": "[2.849]", "scroll_ups": 0, "student": 42}}, {"model": "readings.studentresponseprototype", "pk": 223, "fields": {"question": 3, "context": 1, "response": "no", "views": "[]", "scroll_ups": 0, "student": 42}}, {"model": "readings.studentresponseprototype", "pk": 224, "fields": {"question": 1, "context": 2, "response": "confused", "views": "[2.026]", "scroll_ups": 0, "student": 42}}, {"model": "readings.studentresponseprototype", "pk": 225, "fields": {"question": 2, "context": 2, "response": "a short story", "views": "[]", "scroll_ups": 0, "student": 42}}, {"model": "readings.studentresponseprototype", "pk": 226, "fields": {"question": 3, "context": 2, "response": "no", "views": "[]", "scroll_ups": 0, "student": 42}}, {"model": "readings.studentresponseprototype", "pk": 227, "fields": {"question": 1, "context": 1, "response": "Confused", "views": "[4.018,1.807]", "scroll_ups": 0, "student": 43}}, {"model": "readings.studentresponseprototype", "pk": 228, "fields": {"question": 2, "context": 1, "response": "Asking questions", "views": "[]", "scroll_ups": 0, "student": 43}}, {"model": "readings.studentresponseprototype", "pk": 229, "fields": {"question": 3, "context": 1, "response": "Possibly", "views": "[]", "scroll_ups": 0, "student": 43}}, {"model": "readings.studentresponseprototype", "pk": 230, "fields": {"question": 1, "context": 2, "response": "Puzzled", "views": "[1.49]", "scroll_ups": 0, "student": 43}}, {"model": "readings.studentresponseprototype", "pk": 231, "fields": {"question": 2, "context": 2, "response": "Repetition", "views": "[]", "scroll_ups": 0, "student": 43}}, {"model": "readings.studentresponseprototype", "pk": 232, "fields": {"question": 3, "context": 2, "response": "Yes", "views": "[]", "scroll_ups": 0, "student": 43}}, {"model": "readings.studentresponseprototype", "pk": 233, "fields": {"question": 1, "context": 1, "response": "Melancholy", "views": "[3.695,1.769]", "scroll_ups": 0, "student": 44}}, {"model": "readings.studentresponseprototype", "pk": 234, "fields": {"question": 2, "context": 1, "response": "A garage sale", "views": "[]", "scroll_ups": 0, "student": 44}}, {"model": "readings.studentresponseprototype", "pk": 235, "fields": {"question": 3, "context": 1, "response": "Yes", "views": "[]", "scroll_ups": 0, "student": 44}}, {"model": "readings.studentresponseprototype", "pk": 236, "fields": {"question": 1, "context": 2, "response": "Depressed", "views": "[1.352]", "scroll_ups": 0, "student": 44}}, {"model": "readings.studentresponseprototype", "pk": 237, "fields": {"question": 2, "context": 2, "response": "Parent losing child", "views": "[]", "scroll_ups": 0, "student": 44}}, {"model": "readings.studentresponseprototype", "pk": 238, "fields": {"question": 3, "context": 2, "response": "Yes", "views": "[]", "scroll_ups": 0, "student": 44}}, {"model": "auth.permission", "pk": 1, "fields": {"name": "Can add log entry", "content_type": 1, "codename": "add_logentry"}}, {"model": "auth.permission", "pk": 2, "fields": {"name": "Can change log entry", "content_type": 1, "codename": "change_logentry"}}, {"model": "auth.permission", "pk": 3, "fields": {"name": "Can delete log entry", "content_type": 1, "codename": "delete_logentry"}}, {"model": "auth.permission", "pk": 4, "fields": {"name": "Can view log entry", "content_type": 1, "codename": "view_logentry"}}, {"model": "auth.permission", "pk": 5, "fields": {"name": "Can add permission", "content_type": 2, "codename": "add_permission"}}, {"model": "auth.permission", "pk": 6, "fields": {"name": "Can change permission", "content_type": 2, "codename": "change_permission"}}, {"model": "auth.permission", "pk": 7, "fields": {"name": "Can delete permission", "content_type": 2, "codename": "delete_permission"}}, {"model": "auth.permission", "pk": 8, "fields": {"name": "Can view permission", "content_type": 2, "codename": "view_permission"}}, {"model": "auth.permission", "pk": 9, "fields": {"name": "Can add group", "content_type": 3, "codename": "add_group"}}, {"model": "auth.permission", "pk": 10, "fields": {"name": "Can change group", "content_type": 3, "codename": "change_group"}}, {"model": "auth.permission", "pk": 11, "fields": {"name": "Can delete group", "content_type": 3, "codename": "delete_group"}}, {"model": "auth.permission", "pk": 12, "fields": {"name": "Can view group", "content_type": 3, "codename": "view_group"}}, {"model": "auth.permission", "pk": 13, "fields": {"name": "Can add user", "content_type": 4, "codename": "add_user"}}, {"model": "auth.permission", "pk": 14, "fields": {"name": "Can change user", "content_type": 4, "codename": "change_user"}}, {"model": "auth.permission", "pk": 15, "fields": {"name": "Can delete user", "content_type": 4, "codename": "delete_user"}}, {"model": "auth.permission", "pk": 16, "fields": {"name": "Can view user", "content_type": 4, "codename": "view_user"}}, {"model": "auth.permission", "pk": 17, "fields": {"name": "Can add content type", "content_type": 5, "codename": "add_contenttype"}}, {"model": "auth.permission", "pk": 18, "fields": {"name": "Can change content type", "content_type": 5, "codename": "change_contenttype"}}, {"model": "auth.permission", "pk": 19, "fields": {"name": "Can delete content type", "content_type": 5, "codename": "delete_contenttype"}}, {"model": "auth.permission", "pk": 20, "fields": {"name": "Can view content type", "content_type": 5, "codename": "view_contenttype"}}, {"model": "auth.permission", "pk": 21, "fields": {"name": "Can add session", "content_type": 6, "codename": "add_session"}}, {"model": "auth.permission", "pk": 22, "fields": {"name": "Can change session", "content_type": 6, "codename": "change_session"}}, {"model": "auth.permission", "pk": 23, "fields": {"name": "Can delete session", "content_type": 6, "codename": "delete_session"}}, {"model": "auth.permission", "pk": 24, "fields": {"name": "Can view session", "content_type": 6, "codename": "view_session"}}, {"model": "auth.permission", "pk": 25, "fields": {"name": "Can add story", "content_type": 7, "codename": "add_story"}}, {"model": "auth.permission", "pk": 26, "fields": {"name": "Can change story", "content_type": 7, "codename": "change_story"}}, {"model": "auth.permission", "pk": 27, "fields": {"name": "Can delete story", "content_type": 7, "codename": "delete_story"}}, {"model": "auth.permission", "pk": 28, "fields": {"name": "Can view story", "content_type": 7, "codename": "view_story"}}, {"model": "auth.permission", "pk": 29, "fields": {"name": "Can add student", "content_type": 8, "codename": "add_student"}}, {"model": "auth.permission", "pk": 30, "fields": {"name": "Can change student", "content_type": 8, "codename": "change_student"}}, {"model": "auth.permission", "pk": 31, "fields": {"name": "Can delete student", "content_type": 8, "codename": "delete_student"}}, {"model": "auth.permission", "pk": 32, "fields": {"name": "Can view student", "content_type": 8, "codename": "view_student"}}, {"model": "auth.permission", "pk": 33, "fields": {"name": "Can add student response", "content_type": 9, "codename": "add_studentresponse"}}, {"model": "auth.permission", "pk": 34, "fields": {"name": "Can change student response", "content_type": 9, "codename": "change_studentresponse"}}, {"model": "auth.permission", "pk": 35, "fields": {"name": "Can delete student response", "content_type": 9, "codename": "delete_studentresponse"}}, {"model": "auth.permission", "pk": 36, "fields": {"name": "Can view student response", "content_type": 9, "codename": "view_studentresponse"}}, {"model": "auth.permission", "pk": 37, "fields": {"name": "Can add question", "content_type": 10, "codename": "add_question"}}, {"model": "auth.permission", "pk": 38, "fields": {"name": "Can change question", "content_type": 10, "codename": "change_question"}}, {"model": "auth.permission", "pk": 39, "fields": {"name": "Can delete question", "content_type": 10, "codename": "delete_question"}}, {"model": "auth.permission", "pk": 40, "fields": {"name": "Can view question", "content_type": 10, "codename": "view_question"}}, {"model": "auth.permission", "pk": 41, "fields": {"name": "Can add context", "content_type": 11, "codename": "add_context"}}, {"model": "auth.permission", "pk": 42, "fields": {"name": "Can change context", "content_type": 11, "codename": "change_context"}}, {"model": "auth.permission", "pk": 43, "fields": {"name": "Can delete context", "content_type": 11, "codename": "delete_context"}}, {"model": "auth.permission", "pk": 44, "fields": {"name": "Can view context", "content_type": 11, "codename": "view_context"}}, {"model": "auth.permission", "pk": 45, "fields": {"name": "Can add document", "content_type": 12, "codename": "add_document"}}, {"model": "auth.permission", "pk": 46, "fields": {"name": "Can change document", "content_type": 12, "codename": "change_document"}}, {"model": "auth.permission", "pk": 47, "fields": {"name": "Can delete document", "content_type": 12, "codename": "delete_document"}}, {"model": "auth.permission", "pk": 48, "fields": {"name": "Can view document", "content_type": 12, "codename": "view_document"}}, {"model": "auth.permission", "pk": 49, "fields": {"name": "Can add student reading data", "content_type": 13, "codename": "add_studentreadingdata"}}, {"model": "auth.permission", "pk": 50, "fields": {"name": "Can change student reading data", "content_type": 13, "codename": "change_studentreadingdata"}}, {"model": "auth.permission", "pk": 51, "fields": {"name": "Can delete student reading data", "content_type": 13, "codename": "delete_studentreadingdata"}}, {"model": "auth.permission", "pk": 52, "fields": {"name": "Can view student reading data", "content_type": 13, "codename": "view_studentreadingdata"}}, {"model": "auth.permission", "pk": 53, "fields": {"name": "Can add student segment data", "content_type": 14, "codename": "add_studentsegmentdata"}}, {"model": "auth.permission", "pk": 54, "fields": {"name": "Can change student segment data", "content_type": 14, "codename": "change_studentsegmentdata"}}, {"model": "auth.permission", "pk": 55, "fields": {"name": "Can delete student segment data", "content_type": 14, "codename": "delete_studentsegmentdata"}}, {"model": "auth.permission", "pk": 56, "fields": {"name": "Can view student segment data", "content_type": 14, "codename": "view_studentsegmentdata"}}, {"model": "auth.permission", "pk": 57, "fields": {"name": "Can add context prototype", "content_type": 11, "codename": "add_contextprototype"}}, {"model": "auth.permission", "pk": 58, "fields": {"name": "Can change context prototype", "content_type": 11, "codename": "change_contextprototype"}}, {"model": "auth.permission", "pk": 59, "fields": {"name": "Can delete context prototype", "content_type": 11, "codename": "delete_contextprototype"}}, {"model": "auth.permission", "pk": 60, "fields": {"name": "Can view context prototype", "content_type": 11, "codename": "view_contextprototype"}}, {"model": "auth.permission", "pk": 61, "fields": {"name": "Can add question prototype", "content_type": 10, "codename": "add_questionprototype"}}, {"model": "auth.permission", "pk": 62, "fields": {"name": "Can change question prototype", "content_type": 10, "codename": "change_questionprototype"}}, {"model": "auth.permission", "pk": 63, "fields": {"name": "Can delete question prototype", "content_type": 10, "codename": "delete_questionprototype"}}, {"model": "auth.permission", "pk": 64, "fields": {"name": "Can view question prototype", "content_type": 10, "codename": "view_questionprototype"}}, {"model": "auth.permission", "pk": 65, "fields": {"name": "Can add story prototype", "content_type": 7, "codename": "add_storyprototype"}}, {"model": "auth.permission", "pk": 66, "fields": {"name": "Can change story prototype", "content_type": 7, "codename": "change_storyprototype"}}, {"model": "auth.permission", "pk": 67, "fields": {"name": "Can delete story prototype", "content_type": 7, "codename": "delete_storyprototype"}}, {"model": "auth.permission", "pk": 68, "fields": {"name": "Can view story prototype", "content_type": 7, "codename": "view_storyprototype"}}, {"model": "auth.permission", "pk": 69, "fields": {"name": "Can add student response prototype", "content_type": 9, "codename": "add_studentresponseprototype"}}, {"model": "auth.permission", "pk": 70, "fields": {"name": "Can change student response prototype", "content_type": 9, "codename": "change_studentresponseprototype"}}, {"model": "auth.permission", "pk": 71, "fields": {"name": "Can delete student response prototype", "content_type": 9, "codename": "delete_studentresponseprototype"}}, {"model": "auth.permission", "pk": 72, "fields": {"name": "Can view student response prototype", "content_type": 9, "codename": "view_studentresponseprototype"}}, {"model": "auth.permission", "pk": 73, "fields": {"name": "Can add segment", "content_type": 15, "codename": "add_segment"}}, {"model": "auth.permission", "pk": 74, "fields": {"name": "Can change segment", "content_type": 15, "codename": "change_segment"}}, {"model": "auth.permission", "pk": 75, "fields": {"name": "Can delete segment", "content_type": 15, "codename": "delete_segment"}}, {"model": "auth.permission", "pk": 76, "fields": {"name": "Can view segment", "content_type": 15, "codename": "view_segment"}}, {"model": "auth.permission", "pk": 77, "fields": {"name": "Can add segment question", "content_type": 16, "codename": "add_segmentquestion"}}, {"model": "auth.permission", "pk": 78, "fields": {"name": "Can change segment question", "content_type": 16, "codename": "change_segmentquestion"}}, {"model": "auth.permission", "pk": 79, "fields": {"name": "Can delete segment question", "content_type": 16, "codename": "delete_segmentquestion"}}, {"model": "auth.permission", "pk": 80, "fields": {"name": "Can view segment question", "content_type": 16, "codename": "view_segmentquestion"}}, {"model": "auth.permission", "pk": 81, "fields": {"name": "Can add segment question response", "content_type": 17, "codename": "add_segmentquestionresponse"}}, {"model": "auth.permission", "pk": 82, "fields": {"name": "Can change segment question response", "content_type": 17, "codename": "change_segmentquestionresponse"}}, {"model": "auth.permission", "pk": 83, "fields": {"name": "Can delete segment question response", "content_type": 17, "codename": "delete_segmentquestionresponse"}}, {"model": "auth.permission", "pk": 84, "fields": {"name": "Can view segment question response", "content_type": 17, "codename": "view_segmentquestionresponse"}}, {"model": "auth.permission", "pk": 85, "fields": {"name": "Can add segment context", "content_type": 18, "codename": "add_segmentcontext"}}, {"model": "auth.permission", "pk": 86, "fields": {"name": "Can change segment context", "content_type": 18, "codename": "change_segmentcontext"}}, {"model": "auth.permission", "pk": 87, "fields": {"name": "Can delete segment context", "content_type": 18, "codename": "delete_segmentcontext"}}, {"model": "auth.permission", "pk": 88, "fields": {"name": "Can view segment context", "content_type": 18, "codename": "view_segmentcontext"}}, {"model": "auth.user", "pk": 1, "fields": {"password": "pbkdf2_sha256$150000$KGlR0HtLT8Tt$Y6OxYcG2VWLMkJgcDoxvQTdQlCZV1yQo4fvOb34E9Dw=", "last_login": "2019-10-24T20:51:05.878Z", "is_superuser": true, "username": "admin", "first_name": "", "last_name": "", "email": "", "is_staff": true, "is_active": true, "date_joined": "2019-07-26T19:15:06.429Z", "groups": [], "user_permissions": []}}, {"model": "admin.logentry", "pk": 1, "fields": {"action_time": "2019-07-26T19:17:24.238Z", "user": 1, "content_type": 7, "object_id": "1", "object_repr": "Story object (1)", "action_flag": 1, "change_message": "[{\"added\": {}}, {\"added\": {\"name\": \"context\", \"object\": \"This is an ad.\"}}, {\"added\": {\"name\": \"context\", \"object\": \"This is actually a short story.\"}}, {\"added\": {\"name\": \"question\", \"object\": \"Question object (1)\"}}, {\"added\": {\"name\": \"question\", \"object\": \"Question object (2)\"}}]"}}, {"model": "admin.logentry", "pk": 2, "fields": {"action_time": "2019-07-29T15:51:51.299Z", "user": 1, "content_type": 8, "object_id": "8", "object_repr": "Student object (8)", "action_flag": 3, "change_message": ""}}, {"model": "admin.logentry", "pk": 3, "fields": {"action_time": "2019-07-29T15:51:51.312Z", "user": 1, "content_type": 8, "object_id": "7", "object_repr": "Student object (7)", "action_flag": 3, "change_message": ""}}, {"model": "admin.logentry", "pk": 4, "fields": {"action_time": "2019-07-29T15:51:51.324Z", "user": 1, "content_type": 8, "object_id": "6", "object_repr": "Student object (6)", "action_flag": 3, "change_message": ""}}, {"model": "admin.logentry", "pk": 5, "fields": {"action_time": "2019-07-29T15:51:51.336Z", "user": 1, "content_type": 8, "object_id": "5", "object_repr": "Student object (5)", "action_flag": 3, "change_message": ""}}, {"model": "admin.logentry", "pk": 6, "fields": {"action_time": "2019-07-29T15:51:51.348Z", "user": 1, "content_type": 8, "object_id": "4", "object_repr": "Student object (4)", "action_flag": 3, "change_message": ""}}, {"model": "admin.logentry", "pk": 7, "fields": {"action_time": "2019-07-29T15:51:51.359Z", "user": 1, "content_type": 8, "object_id": "3", "object_repr": "Student object (3)", "action_flag": 3, "change_message": ""}}, {"model": "admin.logentry", "pk": 8, "fields": {"action_time": "2019-07-29T15:51:51.371Z", "user": 1, "content_type": 8, "object_id": "2", "object_repr": "Student object (2)", "action_flag": 3, "change_message": ""}}, {"model": "admin.logentry", "pk": 9, "fields": {"action_time": "2019-07-29T15:51:51.383Z", "user": 1, "content_type": 8, "object_id": "1", "object_repr": "Student object (1)", "action_flag": 3, "change_message": ""}}, {"model": "admin.logentry", "pk": 10, "fields": {"action_time": "2019-07-29T17:11:28.972Z", "user": 1, "content_type": 7, "object_id": "1", "object_repr": "Story object (1)", "action_flag": 2, "change_message": "[]"}}, {"model": "admin.logentry", "pk": 11, "fields": {"action_time": "2019-07-29T17:38:15.782Z", "user": 1, "content_type": 7, "object_id": "1", "object_repr": "Story object (1)", "action_flag": 2, "change_message": "[{\"added\": {\"name\": \"question\", \"object\": \"Question object (3)\"}}]"}}, {"model": "admin.logentry", "pk": 12, "fields": {"action_time": "2019-09-03T19:51:13.234Z", "user": 1, "content_type": 7, "object_id": "1", "object_repr": "Story object (1)", "action_flag": 2, "change_message": "[{\"changed\": {\"fields\": [\"story\"]}}]"}}, {"model": "admin.logentry", "pk": 13, "fields": {"action_time": "2019-10-04T15:00:05.100Z", "user": 1, "content_type": 8, "object_id": "14", "object_repr": "<QuerySet [<StudentResponse: 1>, <StudentResponse: 1>, <StudentResponse: 1>, <StudentResponse: 1>, <StudentResponse: 1>, <StudentResponse: 1>]>", "action_flag": 3, "change_message": ""}}, {"model": "admin.logentry", "pk": 14, "fields": {"action_time": "2019-10-04T15:00:05.113Z", "user": 1, "content_type": 8, "object_id": "13", "object_repr": "<QuerySet [<StudentResponse: 2>, <StudentResponse: 1>, <StudentResponse: 2>, <StudentResponse: 1>]>", "action_flag": 3, "change_message": ""}}, {"model": "admin.logentry", "pk": 15, "fields": {"action_time": "2019-10-04T15:00:05.117Z", "user": 1, "content_type": 8, "object_id": "12", "object_repr": "<QuerySet [<StudentResponse: 1>, <StudentResponse: 1>, <StudentResponse: 1>, <StudentResponse: 1>]>", "action_flag": 3, "change_message": ""}}, {"model": "admin.logentry", "pk": 16, "fields": {"action_time": "2019-10-04T15:00:05.120Z", "user": 1, "content_type": 8, "object_id": "11", "object_repr": "<QuerySet [<StudentResponse: 1>, <StudentResponse: 1>, <StudentResponse: 1>, <StudentResponse: 1>]>", "action_flag": 3, "change_message": ""}}, {"model": "admin.logentry", "pk": 17, "fields": {"action_time": "2019-10-04T15:00:05.124Z", "user": 1, "content_type": 8, "object_id": "10", "object_repr": "<QuerySet [<StudentResponse: 1>, <StudentResponse: 1>, <StudentResponse: 1>, <StudentResponse: 1>]>", "action_flag": 3, "change_message": ""}}, {"model": "admin.logentry", "pk": 18, "fields": {"action_time": "2019-10-04T15:00:05.127Z", "user": 1, "content_type": 8, "object_id": "9", "object_repr": "<QuerySet [<StudentResponse: 1>, <StudentResponse: 1>, <StudentResponse: 1>, <StudentResponse: 1>]>", "action_flag": 3, "change_message": ""}}]